episode,loss,acc,inf_ms,timestamp
0,1.6643255949020386,45.71428596973419,0.744021928611411,2026-08-21T15:12:20.014037+00:00
1,1.6144607067108154,61.42857074737549,0.778273971393771,2026-08-21T15:12:42.559160+00:00
2,1.5345591306686401,54.28571701049805,0.7539115714150415,2026-08-21T15:12:54.058173+00:00
3,1.2896032333374023,52.85714268684387,0.7354579714176778,2026-08-21T15:13:05.420891+00:00
4,1.1142160892486572,55.714285373687744,0.7406719000885329,2026-08-21T15:13:16.881946+00:00
5,0.8356256484985352,80.0000011920929,0.7534451857541821,2026-08-21T15:13:39.927044+00:00
6,0.5921539068222046,77.14285850524902,0.8051418714915469,2026-08-21T15:14:02.662743+00:00
7,0.9471915364265442,62.85714507102966,0.7296808142980028,2026-08-21T15:14:14.052081+00:00
8,0.9192841649055481,69.9999988079071,0.7424368000231749,2026-08-21T15:14:25.504770+00:00
9,0.690381646156311,78.57142686843872,0.7496954856573471,2026-08-21T15:14:36.993078+00:00
10,0.5652247667312622,84.28571224212646,0.7381663857293981,2026-08-21T15:14:48.372941+00:00
11,0.46075138449668884,82.85714387893677,0.7980045857298788,2026-08-21T15:15:00.157666+00:00
12,0.8820492029190063,72.85714149475098,0.7415841857437044,2026-08-21T15:15:11.543440+00:00
13,0.5232067704200745,82.85714387893677,0.770638285757741,2026-08-21T15:15:23.466541+00:00
14,0.654215931892395,80.0000011920929,0.7660056000791623,2026-08-21T15:15:35.217453+00:00
15,0.7219672799110413,75.71428418159485,0.7454715142167905,2026-08-21T15:15:47.230505+00:00
16,0.20678414404392242,97.14285731315613,0.7545514285863777,2026-08-21T15:16:11.013116+00:00
17,0.6498174667358398,75.71428418159485,0.7516438715226416,2026-08-21T15:16:22.837687+00:00
18,0.6440903544425964,81.42856955528259,0.7769935999281837,2026-08-21T15:16:45.630495+00:00
19,0.7565526962280273,82.85714387893677,0.788709385752944,2026-08-21T15:16:57.162034+00:00
20,0.8160244822502136,71.42857313156128,0.7686577285182595,2026-08-21T15:17:19.785595+00:00
21,0.6504995226860046,80.0000011920929,0.7651405142886298,2026-08-21T15:17:42.728143+00:00
22,0.6678035259246826,75.71428418159485,0.8070244000659191,2026-08-21T15:17:54.283867+00:00
23,0.9157495498657227,68.57143044471741,0.7414694857808563,2026-08-21T15:18:05.760718+00:00
24,0.7612387537956238,71.42857313156128,0.7470780142674422,2026-08-21T15:18:17.412116+00:00
25,0.44834256172180176,87.14285492897034,0.7299234714342414,2026-08-21T15:18:28.888655+00:00
26,0.628715455532074,75.71428418159485,0.800934114314649,2026-08-21T15:18:40.440796+00:00
27,0.34909549355506897,91.42857193946838,0.7285970286050412,2026-08-21T15:18:51.838831+00:00
28,0.3775387108325958,88.57142925262451,0.7526493714457112,2026-08-21T15:19:14.832047+00:00
29,0.31185609102249146,88.57142925262451,0.753310942881009,2026-08-21T15:19:37.268345+00:00
30,0.4347974359989166,88.57142925262451,0.7846554714238404,2026-08-21T15:19:48.698941+00:00
31,0.43563786149024963,87.14285492897034,0.79596962864993,2026-08-21T15:20:00.209331+00:00
32,0.5110524892807007,81.42856955528259,0.755972800003032,2026-08-21T15:20:11.778088+00:00
33,0.344088613986969,88.57142925262451,0.7656427857000381,2026-08-21T15:20:35.279431+00:00
34,0.5103805065155029,88.57142925262451,0.7488972000179014,2026-08-21T15:20:47.070040+00:00
35,0.39597052335739136,85.71428656578064,0.762266457188941,2026-08-21T15:21:10.731004+00:00
36,0.7037569880485535,77.14285850524902,0.7509729571341137,2026-08-21T15:21:22.403516+00:00
37,0.5011332035064697,81.42856955528259,0.7548310857341026,2026-08-21T15:21:33.961695+00:00
38,0.30420008301734924,91.42857193946838,0.7472868713583531,2026-08-21T15:21:56.999124+00:00
39,0.4320225417613983,81.42856955528259,0.7536753857233894,2026-08-21T15:22:19.836325+00:00
40,0.3101782500743866,87.14285492897034,0.7558883428698339,2026-08-21T15:22:31.362894+00:00
41,0.44558531045913696,80.0000011920929,0.7330952857695852,2026-08-21T15:22:42.955604+00:00
42,0.3923391103744507,88.57142925262451,0.7671384714610343,2026-08-21T15:22:54.412331+00:00
43,0.4658203721046448,75.71428418159485,0.7857814429111646,2026-08-21T15:23:06.045064+00:00
44,0.49813956022262573,85.71428656578064,0.8339900141956085,2026-08-21T15:23:17.584184+00:00
45,0.5240782499313354,84.28571224212646,0.7429164428945764,2026-08-21T15:23:29.018037+00:00
46,0.23218923807144165,94.28571462631226,0.7590461857034825,2026-08-21T15:23:40.509207+00:00
47,0.4252764582633972,81.42856955528259,0.7353714428193469,2026-08-21T15:23:52.077623+00:00
48,0.22831745445728302,95.71428894996643,0.7544348429032003,2026-08-21T15:24:03.608088+00:00
49,0.3668575882911682,87.14285492897034,0.7223429856821895,2026-08-21T15:24:15.117705+00:00
50,0.2624940574169159,91.42857193946838,0.8124445285440223,2026-08-21T15:24:39.168753+00:00
51,0.2577835023403168,91.42857193946838,0.7684908999570845,2026-08-21T15:25:02.784021+00:00
52,0.23893511295318604,97.14285731315613,0.7669492429288636,2026-08-21T15:25:14.214903+00:00
53,0.19680701196193695,94.28571462631226,0.8302449856793308,2026-08-21T15:25:37.773972+00:00
54,0.21965114772319794,89.99999761581421,0.7747862571185188,2026-08-21T15:26:01.804917+00:00
55,0.2526317536830902,89.99999761581421,0.7726677856615943,2026-08-21T15:26:13.930171+00:00
56,0.29968222975730896,87.14285492897034,0.7678600284894596,2026-08-21T15:26:37.182743+00:00
57,0.27450546622276306,94.28571462631226,0.771776642795885,2026-08-21T15:26:48.841621+00:00
58,0.34496498107910156,88.57142925262451,0.7450476142236897,2026-08-21T15:27:00.804754+00:00
59,0.18342895805835724,97.14285731315613,0.7342014428494232,2026-08-21T15:27:12.425490+00:00
60,0.25740480422973633,94.28571462631226,0.7635773286373089,2026-08-21T15:27:24.554649+00:00
61,0.2567399740219116,92.85714626312256,0.7417155571082341,2026-08-21T15:27:36.104848+00:00
62,0.3601638078689575,89.99999761581421,0.7367456857796891,2026-08-21T15:27:58.839457+00:00
63,0.37838584184646606,82.85714387893677,0.7715429857073884,2026-08-21T15:28:10.256849+00:00
64,0.5534677505493164,88.57142925262451,0.7432024999746187,2026-08-21T15:28:21.795432+00:00
65,0.48952168226242065,84.28571224212646,0.7415165571728721,2026-08-21T15:28:33.160383+00:00
66,0.11718447506427765,97.14285731315613,0.7421394856854542,2026-08-21T15:28:55.785085+00:00
67,0.21028275787830353,95.71428894996643,0.7478172571739249,2026-08-21T15:29:07.219974+00:00
68,0.18339712917804718,92.85714626312256,0.7924324142680105,2026-08-21T15:29:18.969690+00:00
69,0.24953703582286835,94.28571462631226,0.7499207856848703,2026-08-21T15:29:30.718002+00:00
70,0.08987193554639816,98.5714316368103,0.7808093286127716,2026-08-21T15:29:42.203524+00:00
71,0.24356640875339508,92.85714626312256,0.7714121714733275,2026-08-21T15:29:53.639615+00:00
72,0.5683796405792236,81.42856955528259,0.7311318142456003,2026-08-21T15:30:16.095936+00:00
73,0.20208154618740082,94.28571462631226,0.7535191000247973,2026-08-21T15:30:27.835500+00:00
74,0.17597301304340363,95.71428894996643,0.8357633713915544,2026-08-21T15:30:39.550530+00:00
75,0.19653604924678802,97.14285731315613,0.8367213143044084,2026-08-21T15:31:02.321335+00:00
76,0.3782943785190582,87.14285492897034,0.7262457999916349,2026-08-21T15:31:13.815169+00:00
77,0.18807080388069153,94.28571462631226,0.7307752857741434,2026-08-21T15:31:36.453847+00:00
78,0.11830773949623108,97.14285731315613,0.7359357429127807,2026-08-21T15:31:47.892333+00:00
79,0.3385774791240692,89.99999761581421,0.7710471285723283,2026-08-21T15:31:59.363340+00:00
80,0.10441701859235764,98.5714316368103,0.7797816285996565,2026-08-21T15:32:22.198618+00:00
81,0.1939815729856491,95.71428894996643,0.8239390428311059,2026-08-21T15:32:45.424031+00:00
82,0.270645409822464,89.99999761581421,0.7660778142703099,2026-08-21T15:33:07.849200+00:00
83,0.18278560042381287,97.14285731315613,0.8971271570771933,2026-08-21T15:33:19.286803+00:00
84,0.18843558430671692,92.85714626312256,0.7539638142459028,2026-08-21T15:33:30.756548+00:00
85,0.3123970925807953,85.71428656578064,0.7393487428739068,2026-08-21T15:33:42.469935+00:00
86,0.08749089390039444,98.5714316368103,0.7489153999943352,2026-08-21T15:33:54.414274+00:00
87,0.1330505907535553,97.14285731315613,0.7647231429083539,2026-08-21T15:34:17.492107+00:00
88,0.23858658969402313,92.85714626312256,0.7554136999325627,2026-08-21T15:34:28.958580+00:00
89,0.3504468500614166,88.57142925262451,0.8180360999956194,2026-08-21T15:34:40.464553+00:00
90,0.2998981177806854,85.71428656578064,0.8151757427965224,2026-08-21T15:34:51.993685+00:00
91,0.20812247693538666,91.42857193946838,0.7509198142672956,2026-08-21T15:35:03.448761+00:00
92,0.17412768304347992,95.71428894996643,0.7867647143679538,2026-08-21T15:35:14.829312+00:00
93,0.2375306785106659,91.42857193946838,0.7771682571079249,2026-08-21T15:35:26.530060+00:00
94,0.31283634901046753,92.85714626312256,0.7719443142247786,2026-08-21T15:35:38.331013+00:00
95,0.28696542978286743,94.28571462631226,0.8265511571413039,2026-08-21T15:35:49.771061+00:00
96,0.10374783724546432,98.5714316368103,0.7583029427873302,2026-08-21T15:36:01.351051+00:00
97,0.28771838545799255,91.42857193946838,0.745918300006971,2026-08-21T15:36:12.971957+00:00
98,0.17730814218521118,94.28571462631226,0.7568701428161667,2026-08-21T15:36:24.502595+00:00
99,0.24719376862049103,95.71428894996643,0.7583701713883784,2026-08-21T15:36:47.015937+00:00
100,0.2833777964115143,95.71428894996643,0.7482982286351866,2026-08-21T15:37:05.323369+00:00
101,0.14863181114196777,94.28571462631226,0.749181571362507,2026-08-21T15:37:27.803697+00:00
102,0.20585191249847412,92.85714626312256,0.7557370572093143,2026-08-21T15:37:39.387762+00:00
103,0.10056617110967636,97.14285731315613,0.7813065285777807,2026-08-21T15:37:50.856552+00:00
104,0.343323290348053,89.99999761581421,0.7521636572034498,2026-08-21T15:38:02.292401+00:00
105,0.2814413011074066,91.42857193946838,0.7711608000265966,2026-08-21T15:38:13.761694+00:00
106,0.29586800932884216,89.99999761581421,0.7342435857156359,2026-08-21T15:38:25.312822+00:00
107,0.16092532873153687,95.71428894996643,0.7512417856820061,2026-08-21T15:38:36.798319+00:00
108,0.46906325221061707,80.0000011920929,0.757098457065045,2026-08-21T15:38:59.543272+00:00
109,0.2809397578239441,89.99999761581421,0.7456981571782048,2026-08-21T15:39:21.976878+00:00
110,0.10048706829547882,97.14285731315613,0.779229128550339,2026-08-21T15:39:33.516164+00:00
111,0.21499435603618622,92.85714626312256,0.7949946714299067,2026-08-21T15:39:44.993281+00:00
112,0.2111726552248001,98.5714316368103,0.7457839429012634,2026-08-21T15:39:56.927234+00:00
113,0.19392237067222595,97.14285731315613,0.7352509999431537,2026-08-21T15:40:08.300120+00:00
114,0.18204225599765778,97.14285731315613,0.7945912999275606,2026-08-21T15:40:20.186187+00:00
115,0.3204018771648407,88.57142925262451,0.7631163286402755,2026-08-21T15:40:32.024002+00:00
116,0.2884357273578644,89.99999761581421,0.7330145428048647,2026-08-21T15:40:44.089890+00:00
117,0.31618934869766235,87.14285492897034,0.7492215286349944,2026-08-21T15:40:56.118508+00:00
118,0.16979126632213593,95.71428894996643,0.7665355999571538,2026-08-21T15:41:08.320888+00:00
119,0.0758964866399765,97.14285731315613,0.7439036570888544,2026-08-21T15:41:31.104971+00:00
120,0.3858267664909363,81.42856955528259,0.7864239713983676,2026-08-21T15:41:53.942550+00:00
121,0.10638096928596497,97.14285731315613,0.7544958714528808,2026-08-21T15:42:05.556724+00:00
122,0.16086943447589874,94.28571462631226,0.793632328610069,2026-08-21T15:42:17.108989+00:00
123,0.1628357172012329,97.14285731315613,0.7326968571370733,2026-08-21T15:42:28.671351+00:00
124,0.28325483202934265,92.85714626312256,0.764697242785977,2026-08-21T15:42:40.105233+00:00
125,0.11422789096832275,98.5714316368103,0.7540152857213148,2026-08-21T15:43:02.823362+00:00
126,0.3759932816028595,87.14285492897034,0.7507434999362366,2026-08-21T15:43:14.376302+00:00
127,0.19544021785259247,94.28571462631226,0.7571741285833663,2026-08-21T15:43:36.706916+00:00
128,0.23399882018566132,95.71428894996643,0.7482310428583462,2026-08-21T15:43:48.495451+00:00
129,0.1512816995382309,97.14285731315613,0.7398003000292063,2026-08-21T15:44:10.858049+00:00
130,0.16476815938949585,92.85714626312256,0.7509132000060552,2026-08-21T15:44:22.322316+00:00
131,0.20347361266613007,91.42857193946838,0.7322302142191411,2026-08-21T15:44:33.776375+00:00
132,0.22846075892448425,91.42857193946838,0.7343093571502582,2026-08-21T15:44:56.418243+00:00
133,0.14121752977371216,97.14285731315613,0.7689785000236172,2026-08-21T15:45:19.463597+00:00
134,0.12124257534742355,94.28571462631226,0.7566972714682508,2026-08-21T15:45:31.154909+00:00
135,0.4200444221496582,80.0000011920929,0.7800692000143629,2026-08-21T15:45:42.729963+00:00
136,0.10120635479688644,98.5714316368103,0.7299979284912946,2026-08-21T15:45:54.289628+00:00
137,0.19888311624526978,94.28571462631226,0.7579607714433223,2026-08-21T15:46:17.063437+00:00
138,0.1408613622188568,94.28571462631226,0.7662512142685175,2026-08-21T15:46:40.615372+00:00
139,0.0818953588604927,98.5714316368103,0.7967426285696482,2026-08-21T15:46:52.259895+00:00
140,0.07123685628175735,100.0,0.8193504856275727,2026-08-21T15:47:03.762986+00:00
141,0.2610434293746948,95.71428894996643,0.726967714269579,2026-08-21T15:47:26.493999+00:00
142,0.24685336649417877,92.85714626312256,0.7572541857371107,2026-08-21T15:47:49.195981+00:00
143,0.13090983033180237,97.14285731315613,0.7349435857447263,2026-08-21T15:48:00.821497+00:00
144,0.04834544286131859,98.5714316368103,0.7429247427873115,2026-08-21T15:48:12.371311+00:00
145,0.18637411296367645,98.5714316368103,0.8248270857231026,2026-08-21T15:48:23.769314+00:00
146,0.22462087869644165,92.85714626312256,0.7588007428109579,2026-08-21T15:48:46.402808+00:00
147,0.12754003703594208,97.14285731315613,0.7591181856696494,2026-08-21T15:48:58.178353+00:00
148,0.26268085837364197,94.28571462631226,0.7358870000254164,2026-08-21T15:49:09.644166+00:00
149,0.06996268033981323,98.5714316368103,0.7304944428532119,2026-08-21T15:49:21.687247+00:00
150,0.2452213317155838,92.85714626312256,0.8278856571580815,2026-08-21T15:49:40.561779+00:00
151,0.24238978326320648,89.99999761581421,0.7776981000331163,2026-08-21T15:50:03.205126+00:00
152,0.15425275266170502,97.14285731315613,0.8441916857139273,2026-08-21T15:50:14.724223+00:00
153,0.01813395693898201,100.0,0.7392583428424716,2026-08-21T15:50:38.236025+00:00
154,0.21312658488750458,91.42857193946838,0.7951652999119169,2026-08-21T15:50:49.769092+00:00
155,0.1519637405872345,98.5714316368103,0.8346992284974216,2026-08-21T15:51:01.885884+00:00
156,0.051971692591905594,98.5714316368103,0.7955807428515982,2026-08-21T15:51:25.303206+00:00
157,0.12048622965812683,95.71428894996643,0.7937421857994714,2026-08-21T15:51:37.039426+00:00
158,0.10671339929103851,98.5714316368103,0.8122045999958313,2026-08-21T15:51:48.961269+00:00
159,0.13825345039367676,95.71428894996643,0.7693840142954806,2026-08-21T15:52:01.249907+00:00
160,0.1795770227909088,94.28571462631226,0.7892041286270667,2026-08-21T15:52:13.371384+00:00
161,0.12318074703216553,97.14285731315613,0.8452660000849781,2026-08-21T15:52:26.245660+00:00
162,0.056142084300518036,98.5714316368103,0.8174888714815357,2026-08-21T15:52:38.834985+00:00
163,0.0506022572517395,98.5714316368103,0.8221831856644712,2026-08-21T15:52:51.024687+00:00
164,0.19166147708892822,97.14285731315613,0.8474156143035674,2026-08-21T15:53:03.317452+00:00
165,0.2792101800441742,84.28571224212646,0.8053624428742165,2026-08-21T15:53:27.739464+00:00
166,0.07868053019046783,98.5714316368103,0.8433306999255105,2026-08-21T15:53:52.466806+00:00
167,0.1697959154844284,94.28571462631226,0.9842614714995891,2026-08-21T15:54:16.116889+00:00
168,0.0455656573176384,100.0,0.9024296571234508,2026-08-21T15:54:40.861649+00:00
169,0.09889037907123566,95.71428894996643,0.8426583571625608,2026-08-21T15:54:53.550703+00:00
170,0.2727256119251251,97.14285731315613,0.8073112428454415,2026-08-21T15:55:05.409915+00:00
171,0.08872342854738235,98.5714316368103,0.7948328857310116,2026-08-21T15:55:29.209499+00:00
172,0.2601984441280365,89.99999761581421,0.8142950143207729,2026-08-21T15:55:41.596607+00:00
173,0.09983787685632706,97.14285731315613,0.7890096143195738,2026-08-21T15:55:53.675146+00:00
174,0.03108428232371807,100.0,0.7775382285347275,2026-08-21T15:56:05.696900+00:00
175,0.25527164340019226,92.85714626312256,0.8667629142499728,2026-08-21T15:56:18.272076+00:00
176,0.15313217043876648,98.5714316368103,0.7636240714678674,2026-08-21T15:56:43.086231+00:00
177,0.2682570517063141,87.14285492897034,0.7676656571025627,2026-08-21T15:56:55.043362+00:00
178,0.21108591556549072,94.28571462631226,0.7723895714402065,2026-08-21T15:57:07.034322+00:00
179,0.044952142983675,100.0,0.7481042142899241,2026-08-21T15:57:18.930857+00:00
180,0.15750081837177277,94.28571462631226,0.7386694284962557,2026-08-21T15:57:30.456491+00:00
181,0.12855714559555054,97.14285731315613,0.7411888286047282,2026-08-21T15:57:42.437753+00:00
182,0.02830418199300766,100.0,0.7359617428197193,2026-08-21T15:57:54.362123+00:00
183,0.2839207649230957,91.42857193946838,0.7602750285254193,2026-08-21T15:58:06.020644+00:00
184,0.0991586297750473,97.14285731315613,0.9033278285642155,2026-08-21T15:58:17.561165+00:00
185,0.12072732299566269,97.14285731315613,0.750605085652621,2026-08-21T15:58:29.147912+00:00
186,0.29321640729904175,94.28571462631226,0.7661793428789159,2026-08-21T15:58:41.050133+00:00
187,0.18579046428203583,100.0,0.7744046714963457,2026-08-21T15:59:04.303484+00:00
188,0.13435639441013336,98.5714316368103,0.7476358570524358,2026-08-21T15:59:15.826723+00:00
189,0.3000935912132263,88.57142925262451,0.7416354999544897,2026-08-21T15:59:27.459981+00:00
190,0.09408684074878693,100.0,0.7964145000317201,2026-08-21T15:59:50.262341+00:00
191,0.1762874275445938,95.71428894996643,0.7297905856311054,2026-08-21T16:00:01.973717+00:00
192,0.09862608462572098,97.14285731315613,0.7900158714619465,2026-08-21T16:00:14.016197+00:00
193,0.06996715813875198,100.0,0.8037036856486728,2026-08-21T16:00:26.283915+00:00
194,0.2644921541213989,84.28571224212646,0.9514357999640717,2026-08-21T16:00:38.315222+00:00
195,0.0236971452832222,100.0,1.0154171857201229,2026-08-21T16:01:01.629508+00:00
196,0.17924226820468903,94.28571462631226,0.7764476570758104,2026-08-21T16:01:13.359663+00:00
197,0.34618932008743286,82.85714387893677,0.751199899968924,2026-08-21T16:01:25.314469+00:00
198,0.2760772705078125,87.14285492897034,0.7423513857897238,2026-08-21T16:01:36.859082+00:00
199,0.34557271003723145,84.28571224212646,0.9643559571746404,2026-08-21T16:01:48.742701+00:00
200,0.20019809901714325,94.28571462631226,0.7420064999938144,2026-08-21T16:02:07.128966+00:00
201,0.22258538007736206,94.28571462631226,0.762224842869078,2026-08-21T16:02:18.700734+00:00
202,0.19779816269874573,92.85714626312256,0.7441634428687394,2026-08-21T16:02:30.296495+00:00
203,0.10596734285354614,97.14285731315613,0.7670072714972775,2026-08-21T16:02:41.922757+00:00
204,0.1408487856388092,97.14285731315613,0.7756754571996031,2026-08-21T16:03:04.780959+00:00
205,0.19217252731323242,92.85714626312256,0.8949830856831146,2026-08-21T16:03:16.497626+00:00
206,0.1666140854358673,95.71428894996643,0.771167685681056,2026-08-21T16:03:39.402928+00:00
207,0.13654254376888275,97.14285731315613,0.8135745285211929,2026-08-21T16:04:02.467054+00:00
208,0.11037701368331909,95.71428894996643,0.7662596428417601,2026-08-21T16:04:14.103480+00:00
209,0.23492257297039032,89.99999761581421,0.7921710428490769,2026-08-21T16:04:37.518094+00:00
210,0.06551811844110489,97.14285731315613,0.7421153714988448,2026-08-21T16:04:49.195857+00:00
211,0.06192702054977417,98.5714316368103,0.7348760856465171,2026-08-21T16:05:00.839520+00:00
212,0.08337216079235077,98.5714316368103,0.7614333143075263,2026-08-21T16:05:24.555241+00:00
213,0.052525535225868225,100.0,0.7382173999628452,2026-08-21T16:05:48.224277+00:00
214,0.16779834032058716,97.14285731315613,0.7439743571532225,2026-08-21T16:05:59.895307+00:00
215,0.11075695604085922,97.14285731315613,0.749392385686016,2026-08-21T16:06:11.746767+00:00
216,0.11503944545984268,98.5714316368103,0.7821922285074834,2026-08-21T16:06:23.571167+00:00
217,0.07706712931394577,97.14285731315613,0.7355991714575794,2026-08-21T16:06:46.900514+00:00
218,0.21400530636310577,94.28571462631226,0.8055597570741416,2026-08-21T16:07:10.553368+00:00
219,0.3471178114414215,87.14285492897034,0.7508465142953875,2026-08-21T16:07:22.425204+00:00
220,0.054626043885946274,100.0,0.796910428575107,2026-08-21T16:07:33.995421+00:00
221,0.0335582010447979,98.5714316368103,0.7645128285470751,2026-08-21T16:07:45.956603+00:00
222,0.06699872761964798,100.0,0.7742017570957874,2026-08-21T16:07:57.941373+00:00
223,0.07192502170801163,97.14285731315613,0.7615710571241964,2026-08-21T16:08:21.093045+00:00
224,0.07144924253225327,98.5714316368103,0.7842807571120959,2026-08-21T16:08:32.630379+00:00
225,0.16298651695251465,95.71428894996643,0.7683316856855527,2026-08-21T16:08:55.615604+00:00
226,0.2204592376947403,94.28571462631226,0.7538577714253084,2026-08-21T16:09:18.518175+00:00
227,0.03394629806280136,100.0,0.7536134285536329,2026-08-21T16:09:29.953267+00:00
228,0.24363860487937927,89.99999761581421,0.7515304428774731,2026-08-21T16:09:41.738896+00:00
229,0.16709008812904358,91.42857193946838,0.7547814857389312,2026-08-21T16:10:04.511010+00:00
230,0.10394367575645447,97.14285731315613,0.799005600025079,2026-08-21T16:10:16.133592+00:00
231,0.09437702596187592,95.71428894996643,0.7907681856262829,2026-08-21T16:10:27.713263+00:00
232,0.12476452440023422,98.5714316368103,0.741480685766354,2026-08-21T16:10:39.353291+00:00
233,0.19748535752296448,92.85714626312256,0.7727501570895714,2026-08-21T16:10:51.163967+00:00
234,0.07993675023317337,100.0,0.7861264143554894,2026-08-21T16:11:14.523979+00:00
235,0.13661503791809082,97.14285731315613,0.817306885749401,2026-08-21T16:11:37.607903+00:00
236,0.04917169734835625,100.0,0.7559958856810616,2026-08-21T16:12:00.530139+00:00
237,0.04278234764933586,100.0,0.7579424286502348,2026-08-21T16:12:12.056607+00:00
238,0.13903209567070007,95.71428894996643,0.7634364571588647,2026-08-21T16:12:23.688631+00:00
239,0.19213496148586273,92.85714626312256,0.7950307857494668,2026-08-21T16:12:35.180430+00:00
240,0.04638693109154701,98.5714316368103,0.7505545143171081,2026-08-21T16:12:46.881184+00:00
241,0.19511042535305023,94.28571462631226,0.7524530571702469,2026-08-21T16:12:58.500226+00:00
242,0.1172378808259964,98.5714316368103,0.7487670571468438,2026-08-21T16:13:20.803023+00:00
243,0.1317935436964035,97.14285731315613,0.7485621285533333,2026-08-21T16:13:32.465252+00:00
244,0.26873287558555603,89.99999761581421,0.7516018714730828,2026-08-21T16:13:44.119187+00:00
245,0.10712745040655136,94.28571462631226,0.7488648571389993,2026-08-21T16:14:06.951056+00:00
246,0.09932687133550644,97.14285731315613,0.8207155142112501,2026-08-21T16:14:18.559249+00:00
247,0.0723685771226883,98.5714316368103,0.7478968856698235,2026-08-21T16:14:30.081931+00:00
248,0.17171034216880798,94.28571462631226,0.7592053856309836,2026-08-21T16:14:53.485902+00:00
249,0.12922167778015137,92.85714626312256,0.7372817000681867,2026-08-21T16:15:05.043310+00:00
250,0.08486200124025345,98.5714316368103,0.7629030427779071,2026-08-21T16:15:35.885487+00:00
251,0.1886688768863678,95.71428894996643,0.760889571496851,2026-08-21T16:15:47.557881+00:00
252,0.11542065441608429,95.71428894996643,0.7807673143231243,2026-08-21T16:15:59.269245+00:00
253,0.14147809147834778,94.28571462631226,0.7861864857009745,2026-08-21T16:16:11.019622+00:00
254,0.19615988433361053,91.42857193946838,0.778299757179671,2026-08-21T16:16:22.607374+00:00
255,0.17543670535087585,95.71428894996643,0.8099266571142445,2026-08-21T16:16:45.473894+00:00
256,0.14001451432704926,100.0,0.7628812428655303,2026-08-21T16:16:57.123475+00:00
257,0.09814432263374329,98.5714316368103,0.7729151428585672,2026-08-21T16:17:20.185983+00:00
258,0.02038131095468998,100.0,0.73257910002472,2026-08-21T16:17:43.113093+00:00
259,0.08785644173622131,100.0,0.7695631714471217,2026-08-21T16:18:06.299869+00:00
260,0.15728631615638733,98.5714316368103,0.7880199142424057,2026-08-21T16:18:17.827716+00:00
261,0.08160199224948883,97.14285731315613,0.7465275142749306,2026-08-21T16:18:29.392671+00:00
262,0.0775151178240776,98.5714316368103,0.783124371498291,2026-08-21T16:18:52.503160+00:00
263,0.08345180749893188,100.0,0.7511429285971515,2026-08-21T16:19:04.300866+00:00
264,0.12952850759029388,97.14285731315613,0.8362747856673585,2026-08-21T16:19:15.905553+00:00
265,0.08800600469112396,100.0,0.7694462428584561,2026-08-21T16:19:27.419751+00:00
266,0.08410429209470749,97.14285731315613,0.7443007286513291,2026-08-21T16:19:38.997436+00:00
267,0.05157047510147095,98.5714316368103,0.7708105714950112,2026-08-21T16:20:02.164762+00:00
268,0.25936415791511536,89.99999761581421,0.8086452571400773,2026-08-21T16:20:14.105443+00:00
269,0.05212885141372681,98.5714316368103,0.7833409571113796,2026-08-21T16:20:26.094651+00:00
270,0.06980852782726288,97.14285731315613,0.746297042808562,2026-08-21T16:20:48.859259+00:00
271,0.10065685957670212,98.5714316368103,0.7600412571004459,2026-08-21T16:21:12.473553+00:00
272,0.041516680270433426,100.0,0.7328385571392053,2026-08-21T16:21:24.143391+00:00
273,0.2779485285282135,92.85714626312256,0.7755423000032481,2026-08-21T16:21:47.242662+00:00
274,0.07643129676580429,100.0,0.7488367714228974,2026-08-21T16:21:58.808674+00:00
275,0.10718993842601776,97.14285731315613,0.7504166142358113,2026-08-21T16:22:10.497856+00:00
276,0.04199979454278946,100.0,0.7619227143420305,2026-08-21T16:22:22.071570+00:00
277,0.13319961726665497,97.14285731315613,0.7624817571403193,2026-08-21T16:22:33.618087+00:00
278,0.09045208245515823,98.5714316368103,0.7529070856565211,2026-08-21T16:22:45.214939+00:00
279,0.12102654576301575,95.71428894996643,0.7497515142728973,2026-08-21T16:22:56.702971+00:00
280,0.16935992240905762,97.14285731315613,0.7518799428778168,2026-08-21T16:23:08.285649+00:00
281,0.10860522091388702,95.71428894996643,0.7909510999784938,2026-08-21T16:23:31.203712+00:00
282,0.17791928350925446,97.14285731315613,0.759894542820153,2026-08-21T16:23:42.708047+00:00
283,0.15322859585285187,97.14285731315613,0.752338442855814,2026-08-21T16:23:54.313151+00:00
284,0.06436815857887268,100.0,0.8034667429456022,2026-08-21T16:24:17.171584+00:00
285,0.12855739891529083,97.14285731315613,0.7416933714661614,2026-08-21T16:24:28.724700+00:00
286,0.24931243062019348,94.28571462631226,0.7810012713889591,2026-08-21T16:24:40.285157+00:00
287,0.06143312528729439,100.0,0.7748725571478384,2026-08-21T16:25:03.492827+00:00
288,0.027960939332842827,100.0,0.7775132857204881,2026-08-21T16:25:15.159043+00:00
289,0.15130144357681274,97.14285731315613,0.780973671394999,2026-08-21T16:25:26.719837+00:00
290,0.10907240211963654,97.14285731315613,0.7989492143678945,2026-08-21T16:25:38.386821+00:00
291,0.10080357640981674,100.0,0.820971700055192,2026-08-21T16:25:49.883163+00:00
292,0.14560887217521667,94.28571462631226,0.763487971354542,2026-08-21T16:26:01.389047+00:00
293,0.19998295605182648,98.5714316368103,0.7642887714609969,2026-08-21T16:26:13.100799+00:00
294,0.09628404676914215,95.71428894996643,0.7464007142906277,2026-08-21T16:26:36.107867+00:00
295,0.2334272414445877,88.57142925262451,0.7552963571340245,2026-08-21T16:26:47.973947+00:00
296,0.02410024218261242,100.0,0.7418933856700148,2026-08-21T16:26:59.557794+00:00
297,0.11211025714874268,97.14285731315613,0.7595281286090281,2026-08-21T16:27:22.229428+00:00
298,0.17319349944591522,94.28571462631226,0.7660822428338828,2026-08-21T16:27:45.355792+00:00
299,0.12147995829582214,97.14285731315613,0.7664916571229696,2026-08-21T16:27:56.698548+00:00
300,0.087062306702137,98.5714316368103,0.8151600857672747,2026-08-21T16:28:15.547343+00:00
301,0.15925075113773346,95.71428894996643,0.7449627999449149,2026-08-21T16:28:27.139670+00:00
302,0.1497805118560791,95.71428894996643,0.7448092285942819,2026-08-21T16:28:38.675214+00:00
303,0.02453199401497841,100.0,0.7570402570958582,2026-08-21T16:29:01.598345+00:00
304,0.06377185881137848,98.5714316368103,0.734163985699914,2026-08-21T16:29:13.127284+00:00
305,0.1851862668991089,94.28571462631226,0.7335437856714374,2026-08-21T16:29:35.893300+00:00
306,0.34690219163894653,81.42856955528259,0.7710730714149706,2026-08-21T16:29:59.837477+00:00
307,0.07305420190095901,100.0,0.7659121571383106,2026-08-21T16:30:11.631661+00:00
308,0.14665569365024567,95.71428894996643,0.7784545714717492,2026-08-21T16:30:23.330844+00:00
300,0.0747341439127922,98.5714316368103,4.364227328564344,2026-08-22T06:25:57.694950+00:00
301,0.1617841124534607,95.71428894996643,0.8234928714175891,2026-08-22T06:26:09.326438+00:00
302,0.2433982789516449,91.42857193946838,0.861974442861018,2026-08-22T06:26:21.790878+00:00
303,0.14142511785030365,95.71428894996643,0.8345289285638761,2026-08-22T06:26:33.823672+00:00
304,0.15765373408794403,95.71428894996643,0.843396271427212,2026-08-22T06:26:45.907768+00:00
305,0.20084694027900696,94.28571462631226,0.8466107999993255,2026-08-22T06:26:57.971275+00:00
306,0.14333362877368927,94.28571462631226,0.9290224142854899,2026-08-22T06:27:22.705241+00:00
307,0.09583155810832977,97.14285731315613,0.9598507714274872,2026-08-22T06:27:46.546775+00:00
308,0.06570819765329361,98.5714316368103,0.8288419571337207,2026-08-22T06:27:58.588009+00:00
309,0.06174827367067337,98.5714316368103,0.9154250714345835,2026-08-22T06:28:10.603354+00:00
310,0.034065086394548416,100.0,0.8349354428641423,2026-08-22T06:28:34.931706+00:00
311,0.14528143405914307,94.28571462631226,0.8564657142934655,2026-08-22T06:28:46.994368+00:00
312,0.19814103841781616,92.85714626312256,0.8454614428566337,2026-08-22T06:28:59.133604+00:00
313,0.060953814536333084,98.5714316368103,0.8349512714240908,2026-08-22T06:29:11.015400+00:00
314,0.12148426473140717,97.14285731315613,0.8623389857088374,2026-08-22T06:29:35.847136+00:00
315,0.0968986302614212,100.0,0.8542402714348489,2026-08-22T06:29:47.936497+00:00
316,0.13012948632240295,95.71428894996643,0.8476650142776114,2026-08-22T06:30:00.040795+00:00
317,0.18375347554683685,92.85714626312256,0.8325112285742112,2026-08-22T06:30:12.027016+00:00
318,0.1091449186205864,98.5714316368103,0.8643677142832271,2026-08-22T06:30:24.533830+00:00
319,0.10622396320104599,100.0,0.8481185571456861,2026-08-22T06:30:49.407656+00:00
320,0.14087001979351044,95.71428894996643,0.8502186428683802,2026-08-22T06:31:01.627855+00:00
321,0.05935940891504288,98.5714316368103,0.8543144428585947,2026-08-22T06:31:14.041841+00:00
322,0.12437467277050018,97.14285731315613,0.8452294571335578,2026-08-22T06:31:38.517955+00:00
323,0.09057493507862091,97.14285731315613,0.900307185708828,2026-08-22T06:31:50.772578+00:00
324,0.15833532810211182,94.28571462631226,0.8326025142845798,2026-08-22T06:32:02.917907+00:00
325,0.04015571251511574,100.0,0.855151414283942,2026-08-22T06:32:15.086740+00:00
326,0.06131288781762123,98.5714316368103,0.8575913000121155,2026-08-22T06:32:27.279479+00:00
327,0.032991133630275726,100.0,0.9165495714244442,2026-08-22T06:32:39.467931+00:00
328,0.06999732553958893,98.5714316368103,0.8459012714281146,2026-08-22T06:32:51.476884+00:00
329,0.10012241452932358,95.71428894996643,0.8542427142856468,2026-08-22T06:33:03.624118+00:00
330,0.029421083629131317,98.5714316368103,0.8257356285737063,2026-08-22T06:33:27.687209+00:00
331,0.035787273198366165,98.5714316368103,0.8678642285693579,2026-08-22T06:33:39.678239+00:00
332,0.1241135448217392,97.14285731315613,0.837956528565493,2026-08-22T06:34:04.244873+00:00
333,0.07523802667856216,98.5714316368103,0.8349548142827448,2026-08-22T06:34:28.609269+00:00
334,0.039873652160167694,100.0,0.8917038571390938,2026-08-22T06:34:40.699144+00:00
335,0.06484531611204147,97.14285731315613,0.8913365571450933,2026-08-22T06:34:53.053812+00:00
336,0.11005996912717819,97.14285731315613,0.843659785719605,2026-08-22T06:35:05.156752+00:00
337,0.06476573646068573,98.5714316368103,0.8420615142832893,2026-08-22T06:35:17.286115+00:00
338,0.21124061942100525,89.99999761581421,0.8518287428549749,2026-08-22T06:35:29.423180+00:00
339,0.17840540409088135,97.14285731315613,0.8334235428524802,2026-08-22T06:35:41.609599+00:00
340,0.054837461560964584,100.0,0.821619957137695,2026-08-22T06:36:05.574403+00:00
341,0.035334885120391846,100.0,0.8687068142925065,2026-08-22T06:36:17.963215+00:00
342,0.023921705782413483,100.0,0.8338146428676346,2026-08-22T06:36:42.764305+00:00
343,0.07924006134271622,98.5714316368103,0.8481147571468942,2026-08-22T06:37:07.221484+00:00
344,0.2362797111272812,92.85714626312256,0.8389947571491315,2026-08-22T06:37:31.888473+00:00
345,0.152332603931427,95.71428894996643,0.8635940714287115,2026-08-22T06:37:44.290823+00:00
346,0.11646395921707153,97.14285731315613,0.8544120714369845,2026-08-22T06:37:56.381493+00:00
347,0.0626048743724823,97.14285731315613,0.8435746999956402,2026-08-22T06:38:08.462855+00:00
348,0.025400523096323013,100.0,0.8709945428563515,2026-08-22T06:38:20.514430+00:00
349,0.06285557150840759,98.5714316368103,0.862153814276618,2026-08-22T06:38:44.938241+00:00
350,0.050279244780540466,100.0,2.538463628570753,2026-08-22T06:39:15.526566+00:00
351,0.07932998239994049,100.0,0.8710075571408586,2026-08-22T06:39:27.714180+00:00
352,0.07281047105789185,95.71428894996643,0.8596226428510688,2026-08-22T06:39:39.940525+00:00
353,0.09321688860654831,97.14285731315613,0.846249771426041,2026-08-22T06:40:04.159403+00:00
354,0.06529494374990463,98.5714316368103,0.826796885719107,2026-08-22T06:40:28.499080+00:00
355,0.045140545815229416,98.5714316368103,0.83348128570963,2026-08-22T06:40:40.566926+00:00
356,0.08681145310401917,98.5714316368103,0.9680453857202208,2026-08-22T06:41:05.102500+00:00
357,0.07466842234134674,97.14285731315613,0.8451908714180588,2026-08-22T06:41:17.484371+00:00
358,0.03763432800769806,100.0,0.8577081857116094,2026-08-22T06:41:29.623625+00:00
359,0.04471404850482941,98.5714316368103,0.8300549142924345,2026-08-22T06:41:41.796433+00:00
360,0.08059307187795639,98.5714316368103,0.8327081285642635,2026-08-22T06:41:53.862482+00:00
361,0.07833553105592728,98.5714316368103,0.833147385713216,2026-08-22T06:42:06.010056+00:00
362,0.09774254262447357,97.14285731315613,0.8507213714178111,2026-08-22T06:42:18.378767+00:00
363,0.12390279769897461,97.14285731315613,0.8471335571422449,2026-08-22T06:42:30.605802+00:00
364,0.09469705075025558,95.71428894996643,0.8599610857085541,2026-08-22T06:42:54.833059+00:00
365,0.02711658738553524,100.0,0.8418583428595281,2026-08-22T06:43:06.819618+00:00
366,0.08605306595563889,97.14285731315613,0.9218643571460103,2026-08-22T06:43:19.132381+00:00
367,0.03584838658571243,98.5714316368103,0.8642035571418611,2026-08-22T06:43:31.362876+00:00
368,0.20037801563739777,92.85714626312256,0.8475242714277037,2026-08-22T06:43:55.685382+00:00
369,0.03587789461016655,98.5714316368103,0.8859568285775562,2026-08-22T06:44:19.925495+00:00
370,0.09844661504030228,97.14285731315613,0.8482891857186456,2026-08-22T06:44:32.316019+00:00
371,0.021883126348257065,100.0,0.8511451285682726,2026-08-22T06:44:44.543564+00:00
372,0.11314310878515244,95.71428894996643,0.8812126999925697,2026-08-22T06:44:56.932019+00:00
373,0.03533729165792465,100.0,0.8629151714298392,2026-08-22T06:45:09.038173+00:00
374,0.20372037589550018,95.71428894996643,0.8480242714280654,2026-08-22T06:45:33.285337+00:00
375,0.0682109147310257,98.5714316368103,0.8520726142965681,2026-08-22T06:45:45.443171+00:00
376,0.024861373007297516,100.0,0.8455425571420554,2026-08-22T06:45:57.574226+00:00
377,0.2141738384962082,92.85714626312256,0.8421511000051396,2026-08-22T06:46:09.642266+00:00
378,0.061994049698114395,98.5714316368103,0.8614014571451533,2026-08-22T06:46:21.721024+00:00
379,0.02619890868663788,100.0,0.8380173571432741,2026-08-22T06:46:33.770650+00:00
380,0.084506094455719,100.0,0.8280034714256804,2026-08-22T06:46:45.917645+00:00
381,0.049901533871889114,100.0,0.8597691857046031,2026-08-22T06:46:58.123941+00:00
382,0.2342478632926941,87.14285492897034,0.8404455571508151,2026-08-22T06:47:10.092164+00:00
383,0.07589969784021378,95.71428894996643,0.8377821857201134,2026-08-22T06:47:34.190479+00:00
384,0.12455486506223679,97.14285731315613,0.8557586142809928,2026-08-22T06:47:58.315554+00:00
385,0.047615665942430496,98.5714316368103,0.8548514285783831,2026-08-22T06:48:22.472640+00:00
386,0.11643253266811371,98.5714316368103,0.8214464000047883,2026-08-22T06:48:34.742406+00:00
387,0.11902648210525513,97.14285731315613,0.8585494285788237,2026-08-22T06:48:46.855186+00:00
388,0.09111517667770386,97.14285731315613,0.8515794285683244,2026-08-22T06:48:58.941702+00:00
389,0.09684041887521744,97.14285731315613,0.8335804999920323,2026-08-22T06:49:11.051955+00:00
390,0.23698283731937408,91.42857193946838,0.8530268285539933,2026-08-22T06:49:23.296264+00:00
391,0.11059413850307465,95.71428894996643,0.8467043857048598,2026-08-22T06:49:35.600654+00:00
392,0.26849856972694397,91.42857193946838,0.8574418285726486,2026-08-22T06:49:47.884592+00:00
393,0.10956642776727676,97.14285731315613,0.8508086857026294,2026-08-22T06:50:12.538430+00:00
394,0.10809978097677231,97.14285731315613,0.8500445285660264,2026-08-22T06:50:37.075405+00:00
395,0.03978647664189339,100.0,0.9558454714351683,2026-08-22T06:50:49.640953+00:00
396,0.07152020186185837,95.71428894996643,0.8508685857252983,2026-08-22T06:51:01.910253+00:00
397,0.06294433027505875,98.5714316368103,0.8574305142766596,2026-08-22T06:51:27.039905+00:00
398,0.040091127157211304,100.0,0.8786286285612732,2026-08-22T06:51:51.685379+00:00
399,0.06343353539705276,98.5714316368103,0.8338467142883539,2026-08-22T06:52:04.096367+00:00
400,0.22762347757816315,82.85714387893677,0.884493585700901,2026-08-22T06:52:35.433491+00:00
401,0.09059223532676697,98.5714316368103,0.8570017714321564,2026-08-22T06:52:47.624873+00:00
402,0.21964144706726074,94.28571462631226,0.8299758714201744,2026-08-22T06:53:00.088987+00:00
403,0.19458214938640594,88.57142925262451,0.8795068999981076,2026-08-22T06:53:12.402146+00:00
404,0.128090962767601,95.71428894996643,0.8490243428501084,2026-08-22T06:53:24.756392+00:00
405,0.14730912446975708,94.28571462631226,0.86603992858727,2026-08-22T06:53:37.086201+00:00
406,0.2616081237792969,87.14285492897034,0.8731766285823791,2026-08-22T06:54:01.803302+00:00
407,0.21626640856266022,92.85714626312256,0.8349319000054882,2026-08-22T06:54:14.071361+00:00
408,0.0852755531668663,98.5714316368103,0.8562591285746229,2026-08-22T06:54:26.440196+00:00
409,0.17181429266929626,95.71428894996643,0.8267264571519003,2026-08-22T06:54:38.741764+00:00
410,0.04912954196333885,100.0,0.870612514284273,2026-08-22T06:54:51.156712+00:00
411,0.06633235514163971,100.0,0.848348342879035,2026-08-22T06:55:03.345626+00:00
412,0.09846723079681396,98.5714316368103,0.8544516571419081,2026-08-22T06:55:15.599965+00:00
413,0.07676007598638535,98.5714316368103,0.8789503142907051,2026-08-22T06:55:39.963125+00:00
414,0.11303261667490005,98.5714316368103,0.8954524428710491,2026-08-22T06:55:52.173609+00:00
415,0.11098304390907288,98.5714316368103,0.8667315142832065,2026-08-22T06:56:04.356909+00:00
416,0.09037832170724869,98.5714316368103,0.8402709285551931,2026-08-22T06:56:29.352849+00:00
417,0.05771205946803093,100.0,0.8553290571269047,2026-08-22T06:56:41.640826+00:00
418,0.025189382955431938,100.0,0.8519191428474318,2026-08-22T06:57:06.182956+00:00
419,0.1174149364233017,95.71428894996643,0.8486996856975435,2026-08-22T06:57:30.483982+00:00
420,0.03744328022003174,100.0,0.8290495714391,2026-08-22T06:57:42.769235+00:00
421,0.09918683767318726,95.71428894996643,0.8472951856934482,2026-08-22T06:58:07.035658+00:00
422,0.15805107355117798,94.28571462631226,0.8185110143001241,2026-08-22T06:58:19.345249+00:00
423,0.06586415320634842,98.5714316368103,0.8429338714319914,2026-08-22T06:58:43.609242+00:00
424,0.3134077489376068,94.28571462631226,0.8801701714349162,2026-08-22T06:58:55.984744+00:00
425,0.0969969779253006,97.14285731315613,0.8537885571318579,2026-08-22T06:59:08.135496+00:00
426,0.3206222653388977,92.85714626312256,0.8474787714346479,2026-08-22T06:59:20.275694+00:00
427,0.26528292894363403,98.5714316368103,0.8520840142799508,2026-08-22T06:59:32.444381+00:00
428,0.2650158703327179,98.5714316368103,0.8448911857288164,2026-08-22T06:59:56.685612+00:00
429,0.22061800956726074,100.0,0.8328204714416643,2026-08-22T07:00:08.940859+00:00
430,0.11724427342414856,98.5714316368103,0.8821662857371848,2026-08-22T07:00:21.212359+00:00
431,0.06311280280351639,100.0,0.8218787428631913,2026-08-22T07:00:45.895733+00:00
432,0.13046763837337494,97.14285731315613,0.8674729714195044,2026-08-22T07:00:58.125094+00:00
433,0.39918771386146545,81.42856955528259,0.8433978571442172,2026-08-22T07:01:10.793971+00:00
434,0.25238341093063354,97.14285731315613,0.8214789714267161,2026-08-22T07:01:35.773872+00:00
435,0.1956639289855957,98.5714316368103,0.8242132000045136,2026-08-22T07:02:00.161590+00:00
436,0.34149813652038574,98.5714316368103,0.864162728586442,2026-08-22T07:02:12.329365+00:00
437,0.3088933527469635,98.5714316368103,0.8401145142800358,2026-08-22T07:02:37.751945+00:00
438,0.35674363374710083,95.71428894996643,0.8528320999955343,2026-08-22T07:03:02.318315+00:00
439,0.1676335483789444,98.5714316368103,0.8357778142973464,2026-08-22T07:03:14.674442+00:00
440,0.12163242697715759,94.28571462631226,0.8481468142885465,2026-08-22T07:03:39.255446+00:00
441,0.1791972815990448,94.28571462631226,0.8288980857157315,2026-08-22T07:04:03.614348+00:00
442,0.28183287382125854,98.5714316368103,0.8329117714310996,2026-08-22T07:04:15.627702+00:00
443,0.2710704207420349,98.5714316368103,0.897769471443358,2026-08-22T07:04:39.964508+00:00
444,0.2182893007993698,94.28571462631226,0.8186350428461862,2026-08-22T07:05:04.225231+00:00
445,0.1873553842306137,95.71428894996643,0.8281491428663555,2026-08-22T07:05:16.359014+00:00
446,0.22796514630317688,91.42857193946838,0.8196227999828156,2026-08-22T07:05:28.431108+00:00
447,0.18196198344230652,95.71428894996643,0.8437035714190902,2026-08-22T07:05:52.502920+00:00
448,0.10168918967247009,97.14285731315613,0.8299037285593971,2026-08-22T07:06:16.649329+00:00
449,0.20336295664310455,98.5714316368103,0.8354061999853002,2026-08-22T07:06:28.835982+00:00
450,0.10901398211717606,97.14285731315613,0.8551473142818264,2026-08-22T07:06:47.570224+00:00
451,0.09715298563241959,98.5714316368103,0.866366499992312,2026-08-22T07:06:59.730240+00:00
452,0.07620338350534439,100.0,0.852360057147702,2026-08-22T07:07:11.782859+00:00
453,0.21908079087734222,94.28571462631226,0.8375475857194813,2026-08-22T07:07:36.207827+00:00
454,0.0790894478559494,100.0,0.8584814571284889,2026-08-22T07:08:00.254263+00:00
455,0.20569919049739838,94.28571462631226,0.8533890142903796,2026-08-22T07:08:12.566081+00:00
456,1.5410853624343872,94.28571462631226,0.8352292571414313,2026-08-22T07:08:37.063379+00:00
457,0.08469093590974808,97.14285731315613,0.849623328576854,2026-08-22T07:08:49.212836+00:00
458,0.1521201878786087,97.14285731315613,0.8537898428455394,2026-08-22T07:09:01.404076+00:00
459,0.15820756554603577,94.28571462631226,0.9171356428591285,2026-08-22T07:09:13.580019+00:00
460,0.1518552005290985,98.5714316368103,0.8252549142655751,2026-08-22T07:09:25.726918+00:00
461,0.19001029431819916,95.71428894996643,0.842072614276341,2026-08-22T07:09:49.624060+00:00
462,0.18688757717609406,92.85714626312256,0.8341228000062983,2026-08-22T07:10:01.819339+00:00
463,0.1218271404504776,98.5714316368103,2.5668004428683036,2026-08-22T07:10:14.048274+00:00
464,0.4355095624923706,88.57142925262451,0.8293830714267512,2026-08-22T07:10:26.271201+00:00
465,0.1076432541012764,95.71428894996643,0.8434260000025721,2026-08-22T07:10:50.272611+00:00
466,0.1338900476694107,97.14285731315613,0.848533371416644,2026-08-22T07:11:02.400267+00:00
467,0.1686771810054779,95.71428894996643,0.8225321714365107,2026-08-22T07:11:14.875589+00:00
468,0.28295138478279114,91.42857193946838,0.875723957142327,2026-08-22T07:11:39.474881+00:00
469,0.15611854195594788,98.5714316368103,0.8314245142693315,2026-08-22T07:12:03.776766+00:00
470,0.13569995760917664,97.14285731315613,0.857898414272183,2026-08-22T07:12:28.769914+00:00
471,0.04534873366355896,100.0,0.8868578000017026,2026-08-22T07:12:53.961110+00:00
472,0.061041492968797684,100.0,0.8654179285648362,2026-08-22T07:13:06.333903+00:00
473,0.34606075286865234,85.71428656578064,0.83210372857658,2026-08-22T07:13:18.622878+00:00
474,0.10422776639461517,95.71428894996643,0.8550455571561802,2026-08-22T07:13:43.722822+00:00
475,0.12045165151357651,95.71428894996643,0.8748412714339793,2026-08-22T07:13:56.174125+00:00
476,0.2220773547887802,94.28571462631226,0.8455729571453827,2026-08-22T07:14:08.616181+00:00
477,0.07160302251577377,98.5714316368103,0.8405640714305004,2026-08-22T07:14:33.601969+00:00
478,0.24098041653633118,98.5714316368103,0.8407337571562883,2026-08-22T07:14:45.790209+00:00
479,0.12159086018800735,97.14285731315613,0.8818455285758579,2026-08-22T07:14:57.981861+00:00
480,0.2676789462566376,97.14285731315613,0.8604732571516901,2026-08-22T07:15:10.228169+00:00
481,0.17092692852020264,97.14285731315613,0.9051357000186856,2026-08-22T07:15:22.537123+00:00
482,0.30070093274116516,88.57142925262451,0.8610968428391581,2026-08-22T07:15:34.847012+00:00
483,0.3119088411331177,89.99999761581421,0.8567102571500332,2026-08-22T07:15:47.031394+00:00
484,1.4820332527160645,77.14285850524902,0.8239197143016749,2026-08-22T07:15:59.322226+00:00
485,0.08327717334032059,100.0,0.8391564428425876,2026-08-22T07:16:24.202898+00:00
486,0.1515699177980423,94.28571462631226,0.8481553428542351,2026-08-22T07:16:36.421098+00:00
487,0.1598021239042282,100.0,0.8204325142807128,2026-08-22T07:16:48.713916+00:00
488,0.19433094561100006,95.71428894996643,0.8555304428487683,2026-08-22T07:17:01.074207+00:00
489,0.13747771084308624,97.14285731315613,0.8385503143082522,2026-08-22T07:17:25.846769+00:00
490,0.19389063119888306,97.14285731315613,0.8823152999996507,2026-08-22T07:17:37.952097+00:00
491,0.17502515017986298,97.14285731315613,0.8579189714250138,2026-08-22T07:17:50.263453+00:00
492,0.12404899299144745,100.0,0.8516403285674252,2026-08-22T07:18:02.456088+00:00
493,0.22137267887592316,92.85714626312256,0.8368080000114527,2026-08-22T07:18:14.564358+00:00
494,0.06963387876749039,98.5714316368103,0.9140125142948818,2026-08-22T07:18:38.909406+00:00
495,0.07333213090896606,100.0,0.8451578571371751,2026-08-22T07:19:03.722339+00:00
496,0.05710633099079132,98.5714316368103,0.837318099989456,2026-08-22T07:19:15.795333+00:00
497,0.07681676745414734,98.5714316368103,0.9135188000072958,2026-08-22T07:19:28.044603+00:00
498,0.09354420006275177,100.0,0.9154819285738216,2026-08-22T07:19:40.129093+00:00
499,0.03856382146477699,100.0,0.8255850142761898,2026-08-22T07:20:04.841933+00:00
500,0.03964615240693092,100.0,0.8751587999930571,2026-08-22T07:20:24.152242+00:00
501,0.3261796534061432,95.71428894996643,0.8651517285605743,2026-08-22T07:20:36.326038+00:00
502,0.08303935825824738,98.5714316368103,0.8727300999973002,2026-08-22T07:21:00.740699+00:00
503,0.8194038271903992,88.57142925262451,0.8319343142699966,2026-08-22T07:21:25.628923+00:00
504,0.32411718368530273,95.71428894996643,0.8756256856941036,2026-08-22T07:21:37.708387+00:00
505,0.2700473964214325,95.71428894996643,0.8440678143025642,2026-08-22T07:21:49.740585+00:00
506,0.11641252040863037,98.5714316368103,0.8354350143106006,2026-08-22T07:22:01.741061+00:00
507,0.1945543885231018,97.14285731315613,0.8365478999881556,2026-08-22T07:22:25.868259+00:00
508,0.13197457790374756,98.5714316368103,0.8732551428693114,2026-08-22T07:22:37.914307+00:00
509,0.13961631059646606,100.0,0.8176735856977757,2026-08-22T07:23:02.131290+00:00
510,0.2021006941795349,95.71428894996643,0.8250148856989523,2026-08-22T07:23:14.201781+00:00
511,0.19156701862812042,95.71428894996643,0.8499626428601914,2026-08-22T07:23:26.392501+00:00
512,0.2471032589673996,87.14285492897034,0.8354069714446919,2026-08-22T07:23:38.519607+00:00
513,0.1853160560131073,94.28571462631226,0.8477834428569103,2026-08-22T07:23:50.767024+00:00
514,0.16725441813468933,97.14285731315613,0.8287575142665966,2026-08-22T07:24:14.766384+00:00
515,0.1855747401714325,97.14285731315613,0.8552049571465301,2026-08-22T07:24:26.846524+00:00
516,0.11185631155967712,97.14285731315613,0.8576181285596769,2026-08-22T07:24:39.097722+00:00
517,0.08662011474370956,97.14285731315613,0.832716942854209,2026-08-22T07:24:51.131134+00:00
518,0.15628841519355774,100.0,0.8163777571618474,2026-08-22T07:25:15.249005+00:00
519,0.2997461259365082,97.14285731315613,0.8338086285740636,2026-08-22T07:25:27.433362+00:00
520,0.05704492703080177,100.0,0.9618276714328593,2026-08-22T07:25:39.484832+00:00
521,0.4659780263900757,92.85714626312256,0.8240720999830435,2026-08-22T07:26:03.730302+00:00
522,0.23604528605937958,95.71428894996643,0.8661547714187431,2026-08-22T07:26:16.041280+00:00
523,0.3843504786491394,92.85714626312256,0.8353673285715298,2026-08-22T07:26:28.382250+00:00
524,0.40722063183784485,95.71428894996643,0.8183038571587531,2026-08-22T07:26:40.569687+00:00
525,0.11601398885250092,98.5714316368103,0.8304241999992102,2026-08-22T07:27:04.820250+00:00
526,0.355713814496994,87.14285492897034,0.8479720142661661,2026-08-22T07:27:17.006712+00:00
527,0.19793061912059784,95.71428894996643,0.8256970428452145,2026-08-22T07:27:29.045172+00:00
528,0.28157806396484375,92.85714626312256,0.8503624142966666,2026-08-22T07:27:53.316026+00:00
529,0.2972818613052368,92.85714626312256,0.834174471440617,2026-08-22T07:28:05.345625+00:00
530,0.20558562874794006,95.71428894996643,0.8301148857104376,2026-08-22T07:28:17.413599+00:00
531,0.21979369223117828,92.85714626312256,0.8650778285820186,2026-08-22T07:28:29.721432+00:00
532,0.1911492645740509,97.14285731315613,0.8324408428701905,2026-08-22T07:28:41.859699+00:00
533,0.17645207047462463,98.5714316368103,0.8119783285759955,2026-08-22T07:28:54.440777+00:00
534,0.07709693908691406,100.0,0.8316724285707876,2026-08-22T07:29:18.532909+00:00
535,0.34298649430274963,94.28571462631226,0.8648367999869931,2026-08-22T07:29:30.972191+00:00
536,0.22428663074970245,95.71428894996643,0.8559918285754975,2026-08-22T07:29:43.661799+00:00
537,0.28607308864593506,92.85714626312256,0.8400632428674726,2026-08-22T07:29:56.233363+00:00
538,0.17407259345054626,95.71428894996643,0.8893831285864248,2026-08-22T07:30:20.720376+00:00
539,0.029581042006611824,100.0,0.9035407285669602,2026-08-22T07:30:32.827242+00:00
540,0.1070311963558197,98.5714316368103,0.8650235714282775,2026-08-22T07:30:58.291899+00:00
541,0.030468294396996498,100.0,0.8685756142897714,2026-08-22T07:31:11.523048+00:00
542,0.08991960436105728,97.14285731315613,0.8697258714424346,2026-08-22T07:31:36.484975+00:00
543,0.09928756952285767,97.14285731315613,0.8547870142917549,2026-08-22T07:31:48.875439+00:00
544,0.1916375309228897,97.14285731315613,0.8371551857115784,2026-08-22T07:32:01.485912+00:00
545,0.11714831739664078,98.5714316368103,0.8455657000013161,2026-08-22T07:32:26.010887+00:00
546,0.09907624870538712,97.14285731315613,0.8376497571589425,2026-08-22T07:32:50.409688+00:00
547,0.1039731577038765,98.5714316368103,0.8442606142645154,2026-08-22T07:33:02.677647+00:00
548,0.1790100336074829,94.28571462631226,0.8482310285866592,2026-08-22T07:33:14.719626+00:00
549,0.07736191153526306,97.14285731315613,0.8537065856996507,2026-08-22T07:33:38.880529+00:00
550,0.07171688228845596,98.5714316368103,0.8507795999841099,2026-08-22T07:33:57.790447+00:00
551,0.10608052462339401,95.71428894996643,0.8992082285788326,2026-08-22T07:34:09.912360+00:00
552,0.07285888493061066,97.14285731315613,0.8371597714358359,2026-08-22T07:34:34.457030+00:00
553,0.23028327524662018,92.85714626312256,0.8632471714268571,2026-08-22T07:34:58.669545+00:00
554,0.09039324522018433,97.14285731315613,0.8515524857232647,2026-08-22T07:35:10.852142+00:00
555,0.06358877569437027,97.14285731315613,0.9450151714190724,2026-08-22T07:35:35.112325+00:00
556,0.03140092268586159,100.0,0.842831871445274,2026-08-22T07:35:59.760255+00:00
557,0.11699984222650528,97.14285731315613,0.8842441000004847,2026-08-22T07:36:12.041878+00:00
558,0.026931190863251686,100.0,0.8741299428688113,2026-08-22T07:36:24.229259+00:00
559,0.07391965389251709,97.14285731315613,0.86518197141621,2026-08-22T07:36:48.792797+00:00
560,0.1367865800857544,97.14285731315613,0.8409284714226877,2026-08-22T07:37:01.082034+00:00
561,0.0378173291683197,100.0,0.8425224285539505,2026-08-22T07:37:25.104008+00:00
562,0.02914617396891117,100.0,0.8452490571341643,2026-08-22T07:37:37.049269+00:00
563,0.09649623930454254,100.0,0.8118152571374334,2026-08-22T07:37:49.064166+00:00
564,0.07312705367803574,100.0,0.8453767571544242,2026-08-22T07:38:13.235984+00:00
565,0.08628301322460175,97.14285731315613,0.8459036857207788,2026-08-22T07:38:37.667521+00:00
566,0.08806472271680832,97.14285731315613,0.8341955285816636,2026-08-22T07:39:01.574004+00:00
567,0.07997948676347733,97.14285731315613,0.835937571433273,2026-08-22T07:39:25.950205+00:00
568,0.08725310862064362,95.71428894996643,0.8529268000139772,2026-08-22T07:39:38.080318+00:00
569,0.18321935832500458,95.71428894996643,0.821688814279956,2026-08-22T07:40:02.342213+00:00
570,0.12571461498737335,95.71428894996643,0.834742499994588,2026-08-22T07:40:14.437962+00:00
571,0.05996464937925339,97.14285731315613,0.8288821571373514,2026-08-22T07:40:38.992693+00:00
572,0.12522339820861816,97.14285731315613,0.8301715428647835,2026-08-22T07:40:51.122598+00:00
573,0.2032010704278946,88.57142925262451,0.8424911142875706,2026-08-22T07:41:03.279913+00:00
574,0.05230702832341194,98.5714316368103,0.8384306428654651,2026-08-22T07:41:28.219553+00:00
575,0.08418107777833939,98.5714316368103,0.8290599571409984,2026-08-22T07:41:40.146968+00:00
576,0.08143936842679977,100.0,0.8434380428557883,2026-08-22T07:41:52.501675+00:00
577,0.2289387583732605,95.71428894996643,0.846408914289246,2026-08-22T07:42:16.287248+00:00
578,0.09999844431877136,97.14285731315613,0.8440107285683294,2026-08-22T07:42:28.660518+00:00
579,0.016678357496857643,100.0,0.8795527714287995,2026-08-22T07:42:40.769014+00:00
580,0.15463490784168243,95.71428894996643,0.8571063714303558,2026-08-22T07:42:52.831001+00:00
581,0.2529549300670624,91.42857193946838,0.8288404571430874,2026-08-22T07:43:17.095767+00:00
582,0.06191933527588844,97.14285731315613,0.8392927285707888,2026-08-22T07:43:29.219757+00:00
583,0.11988044530153275,98.5714316368103,0.8305200714208435,2026-08-22T07:43:41.630918+00:00
584,0.154574453830719,97.14285731315613,0.8274201856953108,2026-08-22T07:43:53.782037+00:00
585,0.12340611219406128,97.14285731315613,0.8421921571425628,2026-08-22T07:44:05.894555+00:00
586,0.058648329228162766,100.0,0.8525010714428,2026-08-22T07:44:18.091865+00:00
587,0.06914382427930832,98.5714316368103,0.8380582285618792,2026-08-22T07:44:30.256872+00:00
588,0.23515227437019348,87.14285492897034,0.8411019000050146,2026-08-22T07:44:55.086630+00:00
589,0.1507994830608368,95.71428894996643,0.843463028572192,2026-08-22T07:45:07.165545+00:00
590,0.014903325587511063,100.0,0.8311072428633841,2026-08-22T07:45:19.249848+00:00
591,0.2501105070114136,88.57142925262451,0.8196950000118314,2026-08-22T07:45:43.553516+00:00
592,0.08323236554861069,97.14285731315613,0.8594273142859622,2026-08-22T07:45:55.902101+00:00
593,0.07244108617305756,97.14285731315613,0.8310624857196152,2026-08-22T07:46:07.846996+00:00
594,0.05813135579228401,98.5714316368103,0.8607187142843031,2026-08-22T07:46:19.952945+00:00
595,0.21808013319969177,92.85714626312256,0.854758485703704,2026-08-22T07:46:32.191755+00:00
596,0.11050338298082352,95.71428894996643,0.8388403714239497,2026-08-22T07:46:56.336523+00:00
597,0.28809377551078796,82.85714387893677,0.8501493857173565,2026-08-22T07:47:20.606564+00:00
598,0.01134590432047844,100.0,0.8303995571363235,2026-08-22T07:47:45.015681+00:00
599,0.08650621771812439,97.14285731315613,0.8460186428627432,2026-08-22T07:47:57.085890+00:00
600,0.05907087400555611,98.5714316368103,0.8533971285682387,2026-08-22T07:48:15.928440+00:00
601,0.06191929429769516,98.5714316368103,0.8582110714217249,2026-08-22T07:48:27.958541+00:00
602,0.10048909485340118,98.5714316368103,0.8499700285808233,2026-08-22T07:48:40.065716+00:00
603,0.06495804339647293,97.14285731315613,0.8871506285556409,2026-08-22T07:48:52.162917+00:00
604,0.11869591474533081,97.14285731315613,0.8296079428483998,2026-08-22T07:49:04.300720+00:00
605,0.08204331994056702,97.14285731315613,0.8266130999930154,2026-08-22T07:49:28.697594+00:00
606,0.0342206172645092,100.0,0.8571615714442616,2026-08-22T07:49:40.806820+00:00
607,0.18450678884983063,95.71428894996643,0.8854255285768886,2026-08-22T07:49:52.880101+00:00
608,0.12315786629915237,95.71428894996643,0.8543479143034867,2026-08-22T07:50:04.944603+00:00
609,0.04448235407471657,100.0,0.871442400005305,2026-08-22T07:50:17.119981+00:00
610,0.17395837604999542,95.71428894996643,0.8609430428675426,2026-08-22T07:50:41.764934+00:00
611,0.03277239948511124,100.0,0.8274659857176759,2026-08-22T07:50:54.066850+00:00
612,0.37327900528907776,81.42856955528259,0.8809170571372046,2026-08-22T07:51:06.196192+00:00
613,0.29724517464637756,87.14285492897034,0.835832714281943,2026-08-22T07:51:18.388932+00:00
614,0.05748213455080986,98.5714316368103,0.8123123000197147,2026-08-22T07:51:30.639233+00:00
615,0.11265844106674194,94.28571462631226,0.8317507714309613,2026-08-22T07:51:55.034122+00:00
616,0.13556820154190063,97.14285731315613,0.8919700285592367,2026-08-22T07:52:06.965686+00:00
617,0.12800733745098114,95.71428894996643,0.8485221857232058,2026-08-22T07:52:18.976750+00:00
618,0.020810183137655258,100.0,0.8373317142936035,2026-08-22T07:52:31.275781+00:00
619,0.12483736872673035,94.28571462631226,0.8385737428657845,2026-08-22T07:52:55.706764+00:00
620,0.1275688111782074,98.5714316368103,0.8564730857220378,2026-08-22T07:53:08.020403+00:00
621,0.02181513048708439,100.0,0.8874188142986636,2026-08-22T07:53:20.231719+00:00
622,0.24106930196285248,91.42857193946838,0.8436916000001864,2026-08-22T07:53:32.597623+00:00
623,0.023379527032375336,100.0,0.8656063285733191,2026-08-22T07:53:57.361424+00:00
624,0.06591268628835678,100.0,0.8795486142844311,2026-08-22T07:54:09.798619+00:00
625,0.061574239283800125,97.14285731315613,0.8470803857302859,2026-08-22T07:54:24.405394+00:00
626,0.07410328090190887,98.5714316368103,0.8761145714483324,2026-08-22T07:54:49.328259+00:00
627,0.02754141390323639,98.5714316368103,0.8393310714122241,2026-08-22T07:55:01.758626+00:00
628,0.09071440994739532,95.71428894996643,0.8796552428715845,2026-08-22T07:55:13.980659+00:00
629,0.22688303887844086,88.57142925262451,0.8329976999967974,2026-08-22T07:55:26.195686+00:00
630,0.25464847683906555,92.85714626312256,0.8910184857086278,2026-08-22T07:55:51.278785+00:00
631,0.036348070949316025,100.0,0.8368648143004975,2026-08-22T07:56:03.633203+00:00
632,0.060131385922431946,98.5714316368103,0.8926251856922005,2026-08-22T07:56:28.815131+00:00
633,0.09447745233774185,97.14285731315613,0.8451854285730016,2026-08-22T07:56:54.062909+00:00
634,0.119456946849823,97.14285731315613,0.8316366714227895,2026-08-22T07:57:06.227705+00:00
635,0.08718043565750122,97.14285731315613,0.820292799991356,2026-08-22T07:57:18.414709+00:00
636,0.12806487083435059,94.28571462631226,0.8139678571491719,2026-08-22T07:57:30.681165+00:00
637,0.09160459786653519,98.5714316368103,0.8312065857223518,2026-08-22T07:57:55.939765+00:00
638,0.16471055150032043,94.28571462631226,0.847254028563579,2026-08-22T07:58:08.116427+00:00
639,0.1108236014842987,97.14285731315613,0.8412048142937627,2026-08-22T07:58:33.256146+00:00
640,0.1717619001865387,94.28571462631226,0.8197378285590925,2026-08-22T07:58:45.734867+00:00
641,0.1580381691455841,94.28571462631226,0.8423554857082699,2026-08-22T07:58:58.107510+00:00
642,0.17438063025474548,89.99999761581421,0.860999542861204,2026-08-22T07:59:22.473352+00:00
643,0.1264079064130783,95.71428894996643,0.8455669143066709,2026-08-22T07:59:34.659087+00:00
644,0.08814849704504013,98.5714316368103,0.8624192571525263,2026-08-22T07:59:46.928074+00:00
645,0.06328752636909485,98.5714316368103,0.8557378142670912,2026-08-22T07:59:59.107771+00:00
646,0.06335842609405518,100.0,0.8456298571348141,2026-08-22T08:00:23.508294+00:00
647,0.10032366216182709,98.5714316368103,0.8214183857229987,2026-08-22T08:00:47.600997+00:00
648,0.0949966162443161,95.71428894996643,0.8501112143026799,2026-08-22T08:00:59.504350+00:00
649,0.035261280834674835,98.5714316368103,0.8227657999928593,2026-08-22T08:01:24.271064+00:00
650,0.04476426541805267,100.0,0.8371484285817132,2026-08-22T08:01:43.043134+00:00
651,0.03065614402294159,100.0,1.091973157131828,2026-08-22T08:01:55.192783+00:00
652,0.07580284774303436,98.5714316368103,0.8467692285713773,2026-08-22T08:02:19.254644+00:00
653,0.1335674524307251,98.5714316368103,0.8606537143090723,2026-08-22T08:02:31.380084+00:00
654,0.21765466034412384,88.57142925262451,0.8241929000048134,2026-08-22T08:02:43.435959+00:00
655,0.1807546466588974,92.85714626312256,0.864496000005082,2026-08-22T08:02:56.161350+00:00
656,0.05651135742664337,98.5714316368103,0.8435928571478664,2026-08-22T08:03:08.291379+00:00
657,0.11673232167959213,97.14285731315613,1.0209900571291135,2026-08-22T08:03:20.321643+00:00
658,0.1427132785320282,94.28571462631226,0.8463926285652893,2026-08-22T08:03:32.514429+00:00
659,0.029414044693112373,100.0,0.843673485724139,2026-08-22T08:03:44.584089+00:00
660,0.3497046232223511,84.28571224212646,0.8384916857072052,2026-08-22T08:04:08.746746+00:00
661,0.06803343445062637,98.5714316368103,0.8745742285879844,2026-08-22T08:04:20.849534+00:00
662,0.08091194182634354,98.5714316368103,0.8264866285701699,2026-08-22T08:04:45.067612+00:00
663,0.01714857667684555,100.0,0.8438907857323232,2026-08-22T08:04:57.192257+00:00
664,0.22140829265117645,94.28571462631226,0.8468237428522636,2026-08-22T08:05:09.324365+00:00
665,0.03449397534132004,100.0,0.847221700002722,2026-08-22T08:05:33.881631+00:00
666,0.09043452143669128,97.14285731315613,0.8549460285783945,2026-08-22T08:05:46.013689+00:00
667,0.11623063683509827,98.5714316368103,0.8278728285793997,2026-08-22T08:05:58.145460+00:00
668,0.08666627109050751,97.14285731315613,0.833950899998724,2026-08-22T08:06:10.228548+00:00
669,0.06980830430984497,97.14285731315613,0.8414091428546401,2026-08-22T08:06:22.275944+00:00
670,0.1384122371673584,97.14285731315613,0.8253436999958856,2026-08-22T08:06:34.568092+00:00
671,0.018028592690825462,100.0,0.8303019142788669,2026-08-22T08:06:58.764272+00:00
672,0.3070914149284363,91.42857193946838,1.0340351571358042,2026-08-22T08:07:23.233291+00:00
673,0.06730981171131134,98.5714316368103,0.8263248428452894,2026-08-22T08:07:35.422979+00:00
674,0.0899379774928093,98.5714316368103,0.8099836285639737,2026-08-22T08:07:47.777065+00:00
675,0.1889241635799408,94.28571462631226,0.8279807571463087,2026-08-22T08:08:00.281804+00:00
676,0.02245263382792473,100.0,0.8514988571343045,2026-08-22T08:08:24.753474+00:00
677,0.11632046103477478,95.71428894996643,0.8146406142779077,2026-08-22T08:08:36.881076+00:00
678,0.04731495678424835,100.0,0.8459526857352881,2026-08-22T08:08:49.129653+00:00
679,0.044082701206207275,100.0,0.8397274714297964,2026-08-22T08:09:13.576879+00:00
680,0.028842531144618988,100.0,0.822197871431334,2026-08-22T08:09:25.981229+00:00
681,0.039246104657649994,98.5714316368103,0.868405414283708,2026-08-22T08:09:38.225662+00:00
682,0.11081299185752869,97.14285731315613,0.8350113857107186,2026-08-22T08:09:50.351913+00:00
683,0.028936689719557762,100.0,0.8385796714199907,2026-08-22T08:10:14.634998+00:00
684,0.03435417264699936,100.0,0.8637845428373631,2026-08-22T08:10:27.022292+00:00
685,0.11211127787828445,98.5714316368103,0.8799843999960493,2026-08-22T08:10:51.345833+00:00
686,0.05301202833652496,98.5714316368103,0.8227544714307962,2026-08-22T08:11:03.415082+00:00
687,0.07636180520057678,97.14285731315613,0.8252062142803749,2026-08-22T08:11:28.416436+00:00
688,0.029120806604623795,100.0,0.8337771428549396,2026-08-22T08:11:40.868853+00:00
689,0.04494938626885414,97.14285731315613,0.8789346428654555,2026-08-22T08:11:52.955166+00:00
690,0.04714546725153923,97.14285731315613,0.9181682571319729,2026-08-22T08:12:05.022117+00:00
691,0.006857430096715689,100.0,0.8598106285717222,2026-08-22T08:12:17.132797+00:00
692,0.08662224560976028,97.14285731315613,0.8330705428566684,2026-08-22T08:12:29.487204+00:00
693,0.21895717084407806,89.99999761581421,0.8661303857089869,2026-08-22T08:12:41.669111+00:00
694,0.05110010504722595,98.5714316368103,0.8493918142838603,2026-08-22T08:13:05.996783+00:00
695,0.05573718249797821,98.5714316368103,0.8620085714158319,2026-08-22T08:13:18.161015+00:00
696,0.12119798362255096,95.71428894996643,0.8431771143088034,2026-08-22T08:13:30.719771+00:00
697,0.0708312839269638,98.5714316368103,0.8883417571269092,2026-08-22T08:13:55.166214+00:00
698,0.061959605664014816,98.5714316368103,0.9030601142772606,2026-08-22T08:14:19.405922+00:00
699,0.04246735945343971,97.14285731315613,0.856145957134556,2026-08-22T08:14:31.519496+00:00
700,0.036365095525979996,98.5714316368103,0.8178244999986158,2026-08-22T08:14:50.366878+00:00
701,0.04178272560238838,98.5714316368103,0.893930528582132,2026-08-22T08:15:02.748950+00:00
702,0.05351940542459488,98.5714316368103,0.8675952856979815,2026-08-22T08:15:14.919168+00:00
703,0.03505181521177292,98.5714316368103,0.8498734000178436,2026-08-22T08:15:27.289003+00:00
704,0.06601600348949432,95.71428894996643,0.8930858285956285,2026-08-22T08:15:51.800147+00:00
705,0.0670398399233818,98.5714316368103,0.8468617571322414,2026-08-22T08:16:16.145264+00:00
706,0.07925061136484146,97.14285731315613,0.8624141428559338,2026-08-22T08:16:41.070553+00:00
707,0.08984843641519547,97.14285731315613,0.8639516571357879,2026-08-22T08:16:53.216399+00:00
708,0.11200486868619919,94.28571462631226,0.8386655285773617,2026-08-22T08:17:17.374871+00:00
709,0.007472265511751175,100.0,0.8623745000087574,2026-08-22T08:17:41.823412+00:00
710,0.040800511837005615,100.0,0.8754058714267947,2026-08-22T08:17:54.173030+00:00
711,0.039183441549539566,98.5714316368103,0.8460392285737076,2026-08-22T08:18:18.613124+00:00
712,0.046032171696424484,98.5714316368103,0.8423891000087939,2026-08-22T08:18:42.891049+00:00
713,0.16766269505023956,94.28571462631226,0.8341556857236095,2026-08-22T08:19:07.001034+00:00
714,0.03198445215821266,98.5714316368103,0.8313240714155004,2026-08-22T08:19:18.983888+00:00
715,0.018230149522423744,100.0,0.8428532428557187,2026-08-22T08:19:43.022875+00:00
716,0.13135500252246857,97.14285731315613,0.8420184428489718,2026-08-22T08:19:55.653142+00:00
717,0.0840151384472847,95.71428894996643,0.8224942857071125,2026-08-22T08:20:07.843839+00:00
718,0.016634246334433556,100.0,0.8322308857064594,2026-08-22T08:20:32.302110+00:00
719,0.05058417469263077,98.5714316368103,0.8290575142902006,2026-08-22T08:20:44.392974+00:00
720,0.010024932213127613,100.0,0.9264170571311428,2026-08-22T08:21:09.138348+00:00
721,0.15561357140541077,95.71428894996643,0.969648471410827,2026-08-22T08:21:21.228120+00:00
722,0.19175931811332703,92.85714626312256,0.839620228595907,2026-08-22T08:21:45.429972+00:00
723,0.3064309358596802,84.28571224212646,0.8560692714257,2026-08-22T08:21:57.898915+00:00
724,0.12658746540546417,97.14285731315613,0.8739421285489308,2026-08-22T08:22:22.705729+00:00
725,0.045077450573444366,98.5714316368103,0.8461038571632734,2026-08-22T08:22:34.715439+00:00
726,0.03879346698522568,100.0,0.8417381714285253,2026-08-22T08:22:59.681908+00:00
727,0.025099467486143112,100.0,0.8449802000021529,2026-08-22T08:23:24.115882+00:00
728,0.17301534116268158,92.85714626312256,0.8561969143037069,2026-08-22T08:23:36.174389+00:00
729,0.06486634910106659,97.14285731315613,0.8520861285952769,2026-08-22T08:24:00.315787+00:00
730,0.18214944005012512,92.85714626312256,0.8586631571233738,2026-08-22T08:24:12.645417+00:00
731,0.04074927046895027,100.0,0.837596828569076,2026-08-22T08:24:36.707839+00:00
732,0.07475358992815018,100.0,0.8793504999890241,2026-08-22T08:24:48.932664+00:00
733,0.09009919315576553,100.0,0.8781423571365718,2026-08-22T08:25:01.407884+00:00
734,0.09494295716285706,97.14285731315613,0.851927371435782,2026-08-22T08:25:13.552027+00:00
735,0.1352614313364029,97.14285731315613,0.8438034285583335,2026-08-22T08:25:26.108090+00:00
736,0.13642939925193787,95.71428894996643,0.8585500857277241,2026-08-22T08:25:50.761892+00:00
737,0.00953640230000019,100.0,0.8951617999887925,2026-08-22T08:26:02.842104+00:00
738,0.031049316748976707,98.5714316368103,0.8457932142846403,2026-08-22T08:26:15.335587+00:00
739,0.03776539862155914,100.0,0.8995718714296734,2026-08-22T08:26:39.872159+00:00
740,0.023274676874279976,100.0,0.9370727856938694,2026-08-22T08:26:51.967378+00:00
741,0.11653301864862442,98.5714316368103,0.837139957132292,2026-08-22T08:27:04.276519+00:00
742,0.06825876235961914,97.14285731315613,0.8441447142883719,2026-08-22T08:27:16.186168+00:00
743,0.09750170260667801,95.71428894996643,0.8429431571390263,2026-08-22T08:27:28.354818+00:00
744,0.009851159527897835,100.0,0.8901579714282499,2026-08-22T08:27:52.725999+00:00
745,0.20794479548931122,92.85714626312256,0.9140659142628594,2026-08-22T08:28:05.076075+00:00
746,0.04803040251135826,98.5714316368103,0.8611413857319609,2026-08-22T08:28:29.425431+00:00
747,0.03825131803750992,98.5714316368103,0.8381170428557587,2026-08-22T08:28:53.586495+00:00
748,0.017408616840839386,100.0,0.8313921571503411,2026-08-22T08:29:05.776995+00:00
749,0.012171527370810509,100.0,0.8208689285571121,2026-08-22T08:29:17.766601+00:00
750,0.03776482492685318,100.0,0.8506147714277696,2026-08-22T08:29:36.452759+00:00
751,0.04546569660305977,98.5714316368103,0.8359193714308536,2026-08-22T08:30:00.458241+00:00
752,0.377523273229599,85.71428656578064,1.1612416428501353,2026-08-22T08:30:14.873650+00:00
753,0.03862496837973595,100.0,0.8634433000094889,2026-08-22T08:30:28.782244+00:00
754,0.035008225589990616,100.0,0.8335626142849962,2026-08-22T08:30:53.406892+00:00
755,0.2230120748281479,84.28571224212646,0.9311532714231622,2026-08-22T08:31:05.629934+00:00
756,0.15224279463291168,97.14285731315613,0.873749485695693,2026-08-22T08:31:30.200514+00:00
757,0.1341480165719986,98.5714316368103,0.8376706714053788,2026-08-22T08:31:42.313217+00:00
758,0.08292587846517563,100.0,0.8110510571506373,2026-08-22T08:31:54.360640+00:00
759,0.030317554250359535,98.5714316368103,0.8394403142769339,2026-08-22T08:32:06.428761+00:00
760,0.033862460404634476,98.5714316368103,0.8216359142742087,2026-08-22T08:32:30.593582+00:00
761,0.06860166043043137,100.0,0.837896914267081,2026-08-22T08:32:42.695496+00:00
762,0.05006519705057144,98.5714316368103,0.8360175285685857,2026-08-22T08:32:54.789774+00:00
763,0.02050933428108692,100.0,0.8367919142723882,2026-08-22T08:33:06.808262+00:00
764,0.03917299211025238,100.0,0.8306184714196466,2026-08-22T08:33:30.896574+00:00
765,0.04404575750231743,98.5714316368103,0.8532307000028335,2026-08-22T08:33:43.045601+00:00
766,0.015300269238650799,100.0,0.8298687571368646,2026-08-22T08:33:55.048833+00:00
767,0.09447122365236282,97.14285731315613,0.8242273428550106,2026-08-22T08:34:07.038976+00:00
768,0.0627216249704361,98.5714316368103,0.8454717857083389,2026-08-22T08:34:31.285553+00:00
769,0.12022299319505692,97.14285731315613,0.8299484571190467,2026-08-22T08:34:55.068822+00:00
770,0.16059882938861847,91.42857193946838,0.8287528285758786,2026-08-22T08:35:19.250063+00:00
771,0.02880752459168434,100.0,0.8375455857146464,2026-08-22T08:35:31.438915+00:00
772,0.067914679646492,98.5714316368103,0.8480492857155956,2026-08-22T08:35:55.527506+00:00
773,0.10817372053861618,98.5714316368103,0.8298351142782069,2026-08-22T08:36:19.626418+00:00
774,0.08317341655492783,98.5714316368103,0.8317703142893151,2026-08-22T08:36:31.676696+00:00
775,0.2028222233057022,89.99999761581421,0.8309946999880985,2026-08-22T08:36:43.887904+00:00
776,0.047658178955316544,98.5714316368103,0.8381433285519182,2026-08-22T08:37:08.196132+00:00
777,0.11625920981168747,97.14285731315613,0.8631887285706139,2026-08-22T08:37:32.243842+00:00
778,0.19100616872310638,97.14285731315613,0.8365796428604101,2026-08-22T08:37:44.252958+00:00
779,0.008491330780088902,100.0,0.8965110142785956,2026-08-22T08:38:08.960552+00:00
780,0.09528961032629013,97.14285731315613,0.8774115999975558,2026-08-22T08:38:21.174049+00:00
781,0.04199772700667381,98.5714316368103,0.8257146428409865,2026-08-22T08:38:33.258019+00:00
782,0.1262027621269226,95.71428894996643,0.9369172856947573,2026-08-22T08:38:58.065325+00:00
783,0.032196927815675735,98.5714316368103,0.8605918857158811,2026-08-22T08:39:10.197916+00:00
784,0.04211092367768288,100.0,0.841626657139776,2026-08-22T08:39:22.285670+00:00
785,0.035121046006679535,98.5714316368103,0.8322585857188513,2026-08-22T08:39:46.424158+00:00
786,0.023129118606448174,100.0,0.8379770000049446,2026-08-22T08:39:58.550878+00:00
787,0.0270584374666214,100.0,0.8750403285635653,2026-08-22T08:40:22.831709+00:00
788,0.06623784452676773,97.14285731315613,0.8665321285661776,2026-08-22T08:40:34.837380+00:00
789,0.06649729609489441,98.5714316368103,0.8406809000007343,2026-08-22T08:40:46.925166+00:00
790,0.06511884927749634,97.14285731315613,0.8385784856987551,2026-08-22T08:40:59.098042+00:00
791,0.0855528935790062,98.5714316368103,0.8532812143000358,2026-08-22T08:41:11.426082+00:00
792,0.039254508912563324,98.5714316368103,0.8333204142867804,2026-08-22T08:41:35.686434+00:00
793,0.31596609950065613,87.14285492897034,0.8245207999997157,2026-08-22T08:41:47.871443+00:00
794,0.06881526857614517,97.14285731315613,0.8126471428633002,2026-08-22T08:41:59.916228+00:00
795,0.15916912257671356,97.14285731315613,0.8499650000106028,2026-08-22T08:42:24.061420+00:00
796,0.013405521400272846,100.0,0.8497990285832202,2026-08-22T08:42:48.082818+00:00
797,0.015731045976281166,100.0,0.8372919428438763,2026-08-22T08:43:12.707148+00:00
798,0.09285150468349457,95.71428894996643,0.8871064428603859,2026-08-22T08:43:37.492996+00:00
799,0.1372799575328827,97.14285731315613,0.8650926428474901,2026-08-22T08:44:02.652187+00:00
800,0.10829513520002365,98.5714316368103,0.949211728584487,2026-08-22T08:44:34.434493+00:00
801,0.06335633248090744,98.5714316368103,0.8599474714303922,2026-08-22T08:44:46.742210+00:00
802,0.028498314321041107,100.0,0.8623128285762505,2026-08-22T08:45:11.673377+00:00
803,0.1012081578373909,97.14285731315613,0.868253171418993,2026-08-22T08:45:24.153915+00:00
804,0.12279895693063736,95.71428894996643,0.8565073000032238,2026-08-22T08:45:36.559622+00:00
805,0.14844286441802979,94.28571462631226,0.8648960571528213,2026-08-22T08:46:01.144605+00:00
806,0.33345159888267517,81.42856955528259,0.8390056571442983,2026-08-22T08:46:13.329689+00:00
807,0.02874048799276352,100.0,0.9351683857208368,2026-08-22T08:46:25.602803+00:00
808,0.25431767106056213,85.71428656578064,0.9028268000162956,2026-08-22T08:46:49.944827+00:00
809,0.030399955809116364,98.5714316368103,0.8297685571441045,2026-08-22T08:47:02.069453+00:00
810,0.04904499650001526,98.5714316368103,0.8655762428523822,2026-08-22T08:47:14.137802+00:00
811,0.05140893906354904,100.0,0.886807142861861,2026-08-22T08:47:38.184278+00:00
812,0.042411934584379196,98.5714316368103,0.8129390999913865,2026-08-22T08:48:02.632770+00:00
813,0.026408903300762177,100.0,0.8299308857073942,2026-08-22T08:48:14.765958+00:00
814,0.13034026324748993,95.71428894996643,0.874213214280774,2026-08-22T08:48:27.013848+00:00
815,0.09099867194890976,98.5714316368103,0.8771059000147423,2026-08-22T08:48:51.265171+00:00
816,0.2610793709754944,94.28571462631226,0.8284417999935354,2026-08-22T08:49:03.330003+00:00
817,0.2260494977235794,88.57142925262451,0.8466772285568628,2026-08-22T08:49:15.335056+00:00
818,0.014230671338737011,100.0,0.8800397714367136,2026-08-22T08:49:39.640838+00:00
819,0.14689962565898895,98.5714316368103,0.8252642999910417,2026-08-22T08:50:03.604977+00:00
820,0.021609865128993988,100.0,0.8754057714343487,2026-08-22T08:50:28.008438+00:00
821,0.06989533454179764,98.5714316368103,0.9614997999960906,2026-08-22T08:50:52.220306+00:00
822,0.01436206791549921,100.0,0.8261788714402688,2026-08-22T08:51:04.226999+00:00
823,0.08959987014532089,97.14285731315613,0.8278453428699453,2026-08-22T08:51:16.571891+00:00
824,0.010489999316632748,100.0,0.8450934571426062,2026-08-22T08:51:28.783249+00:00
825,0.1630951464176178,95.71428894996643,0.8297162857031383,2026-08-22T08:51:53.306363+00:00
826,0.11368919909000397,94.28571462631226,0.8418727143050222,2026-08-22T08:52:05.667621+00:00
827,0.057195696979761124,100.0,0.8934792428460371,2026-08-22T08:52:17.958090+00:00
828,0.03734811395406723,100.0,0.864648000008726,2026-08-22T08:52:30.647476+00:00
829,0.08488097786903381,97.14285731315613,0.8639070571527034,2026-08-22T08:52:43.323050+00:00
830,0.022198710590600967,100.0,0.8475920571332348,2026-08-22T08:52:55.905846+00:00
831,0.11936628073453903,97.14285731315613,0.8791077143022059,2026-08-22T08:53:20.498964+00:00
832,0.01797381602227688,100.0,0.8526638714101864,2026-08-22T08:53:32.804952+00:00
833,0.03869343921542168,100.0,2.592499442861091,2026-08-22T08:53:45.152978+00:00
834,0.08360464870929718,97.14285731315613,0.852579957141383,2026-08-22T08:53:57.322437+00:00
835,0.036961160600185394,98.5714316368103,0.8415491714393804,2026-08-22T08:54:09.569650+00:00
836,0.05301975831389427,98.5714316368103,0.8565832714469123,2026-08-22T08:54:22.017926+00:00
837,0.16601905226707458,92.85714626312256,0.8409387856902738,2026-08-22T08:54:34.202934+00:00
838,0.03841489553451538,97.14285731315613,0.8441100428691634,2026-08-22T08:54:58.585534+00:00
839,0.016705121845006943,100.0,0.9028942857185029,2026-08-22T08:55:22.890647+00:00
840,0.13869057595729828,97.14285731315613,0.8478177714226018,2026-08-22T08:55:47.162897+00:00
841,0.2010679841041565,89.99999761581421,2.5059924714306754,2026-08-22T08:55:59.456458+00:00
842,0.042949460446834564,98.5714316368103,0.892343200004169,2026-08-22T08:56:11.647307+00:00
843,0.04689224436879158,98.5714316368103,0.8344638428492804,2026-08-22T08:56:23.711341+00:00
844,0.08978776633739471,97.14285731315613,0.837935185726175,2026-08-22T08:56:35.883647+00:00
845,0.08277146518230438,97.14285731315613,0.8354173714386499,2026-08-22T08:56:48.046267+00:00
846,0.04101308807730675,98.5714316368103,0.8368663142911308,2026-08-22T08:57:00.396858+00:00
847,0.12364214658737183,95.71428894996643,0.832085514282101,2026-08-22T08:57:12.445886+00:00
848,0.02010526694357395,100.0,0.82839655715361,2026-08-22T08:57:36.788044+00:00
849,0.06551430374383926,98.5714316368103,0.8884036714464725,2026-08-22T08:57:48.945391+00:00
850,0.06274818629026413,98.5714316368103,0.8594196857042594,2026-08-22T08:58:07.609297+00:00
851,0.1226634681224823,95.71428894996643,0.8789855857165614,2026-08-22T08:58:19.856224+00:00
852,0.0585370734333992,100.0,0.8818138285797821,2026-08-22T08:58:32.092343+00:00
853,0.015215110965073109,100.0,0.849827585703419,2026-08-22T08:58:44.099715+00:00
854,0.07226511090993881,98.5714316368103,0.8479644285866276,2026-08-22T08:58:56.224549+00:00
855,0.06796008348464966,98.5714316368103,0.8943739142913338,2026-08-22T08:59:20.508783+00:00
856,0.04089296981692314,97.14285731315613,0.8602057999918803,2026-08-22T08:59:32.724585+00:00
857,0.04681907966732979,98.5714316368103,0.8814927857071909,2026-08-22T08:59:44.933347+00:00
858,0.05291734263300896,98.5714316368103,0.8351837000061226,2026-08-22T09:00:09.234186+00:00
859,0.023449668660759926,100.0,0.8804765571247637,2026-08-22T09:00:21.328973+00:00
860,0.06299284845590591,97.14285731315613,0.8962042285669928,2026-08-22T09:00:33.561236+00:00
861,0.04045452922582626,100.0,0.9262449571386762,2026-08-22T09:00:45.785053+00:00
862,0.15147177875041962,94.28571462631226,0.8594416000050842,2026-08-22T09:00:57.816214+00:00
863,0.042127180844545364,98.5714316368103,0.9036551714286492,2026-08-22T09:01:22.757665+00:00
864,0.15185005962848663,94.28571462631226,0.8753386000015391,2026-08-22T09:01:34.969142+00:00
865,0.015009547583758831,100.0,0.8110962571403693,2026-08-22T09:01:59.275340+00:00
866,0.019850879907608032,100.0,0.8535795857044702,2026-08-22T09:02:11.306172+00:00
867,0.07740286737680435,97.14285731315613,0.8236600571503264,2026-08-22T09:02:35.538479+00:00
868,0.06800424307584763,98.5714316368103,0.8057082571602743,2026-08-22T09:02:47.788211+00:00
869,0.019414611160755157,100.0,0.8582734142692061,2026-08-22T09:03:11.952755+00:00
870,0.05400483310222626,98.5714316368103,0.8181311857177725,2026-08-22T09:03:24.134818+00:00
871,0.04716061055660248,98.5714316368103,0.811136700005071,2026-08-22T09:03:36.163492+00:00
872,0.006532549858093262,100.0,0.8187497857111988,2026-08-22T09:03:48.188670+00:00
873,0.060340166091918945,100.0,0.8573162428157437,2026-08-22T09:04:12.597477+00:00
874,0.16851772367954254,95.71428894996643,0.8430079714474101,2026-08-22T09:04:24.866575+00:00
875,0.05076013132929802,100.0,0.8492627999657998,2026-08-22T09:04:37.235080+00:00
876,0.05253703147172928,98.5714316368103,0.8510547714519947,2026-08-22T09:04:49.357350+00:00
877,0.12052955478429794,97.14285731315613,0.8417702999785043,2026-08-22T09:05:01.443544+00:00
878,0.021515855565667152,100.0,0.842335699988845,2026-08-22T09:05:13.552005+00:00
879,0.09765014052391052,98.5714316368103,0.9086454286131941,2026-08-22T09:05:38.128015+00:00
880,0.03053610399365425,100.0,0.8210836714299928,2026-08-22T09:06:02.333806+00:00
881,0.027759989723563194,100.0,0.8929432714337183,2026-08-22T09:06:14.442519+00:00
882,0.017012903466820717,100.0,0.8849868285843903,2026-08-22T09:06:38.521951+00:00
883,0.09614372253417969,95.71428894996643,0.8639876285867233,2026-08-22T09:07:03.598107+00:00
884,0.06117933988571167,97.14285731315613,0.8403195571320664,2026-08-22T09:07:28.603140+00:00
885,0.09319797158241272,95.71428894996643,0.8535625428651525,2026-08-22T09:07:40.857357+00:00
886,0.008301222696900368,100.0,0.8411812142834866,2026-08-22T09:07:53.145306+00:00
887,0.15693563222885132,91.42857193946838,0.8626793285657186,2026-08-22T09:08:17.206088+00:00
888,0.04488533362746239,98.5714316368103,0.8289725571687866,2026-08-22T09:08:41.238239+00:00
889,0.018171334639191628,100.0,0.8737870428636337,2026-08-22T09:08:53.549138+00:00
890,0.028181614354252815,98.5714316368103,0.850798585711995,2026-08-22T09:09:17.610613+00:00
891,0.11426759511232376,97.14285731315613,0.8445972571540292,2026-08-22T09:09:29.880997+00:00
892,0.1831459105014801,91.42857193946838,0.8558967857035376,2026-08-22T09:09:42.228076+00:00
893,0.0745002031326294,98.5714316368103,0.8633228000170285,2026-08-22T09:10:06.931118+00:00
894,0.019846122711896896,100.0,0.8623664713793134,2026-08-22T09:10:31.353546+00:00
895,0.05040718615055084,100.0,0.8398241571350289,2026-08-22T09:10:43.471587+00:00
896,0.11494942754507065,98.5714316368103,0.8581283714322905,2026-08-22T09:10:55.645383+00:00
897,0.03287796303629875,100.0,0.8496378428390017,2026-08-22T09:11:07.955384+00:00
898,0.059808772057294846,98.5714316368103,0.8527543571420081,2026-08-22T09:11:32.590548+00:00
899,0.013779974542558193,100.0,0.8394832999848794,2026-08-22T09:11:57.055540+00:00
900,0.017455067485570908,100.0,0.867865914291802,2026-08-22T09:12:16.021306+00:00
901,0.018422968685626984,100.0,0.8480542857016969,2026-08-22T09:12:28.238591+00:00
902,0.0775468647480011,98.5714316368103,0.8860367999919357,2026-08-22T09:12:53.018581+00:00
903,0.22254827618598938,85.71428656578064,0.845028642860208,2026-08-22T09:13:05.184228+00:00
904,0.019030306488275528,100.0,0.8782812856744775,2026-08-22T09:13:29.986779+00:00
905,0.03657799959182739,98.5714316368103,0.8431497285658094,2026-08-22T09:13:42.382191+00:00
906,0.11993904411792755,97.14285731315613,0.8510891428159084,2026-08-22T09:13:54.771008+00:00
907,0.02849401719868183,100.0,0.8563960143094717,2026-08-22T09:14:06.896682+00:00
908,0.06425592303276062,98.5714316368103,0.8653613428448027,2026-08-22T09:14:19.144563+00:00
909,0.008023608475923538,100.0,0.8964560142755675,2026-08-22T09:14:31.611125+00:00
910,0.03749984875321388,98.5714316368103,0.8409224571161238,2026-08-22T09:14:44.081605+00:00
911,0.11779740452766418,95.71428894996643,0.8531448714035962,2026-08-22T09:14:56.733712+00:00
912,0.1269085854291916,94.28571462631226,0.8421600285925835,2026-08-22T09:15:08.783372+00:00
913,0.011950075626373291,100.0,1.026696199966994,2026-08-22T09:15:21.041841+00:00
914,0.07070193439722061,98.5714316368103,0.858758499972672,2026-08-22T09:15:33.189405+00:00
915,0.040557608008384705,100.0,0.839126885693986,2026-08-22T09:15:45.425933+00:00
916,0.11981356143951416,97.14285731315613,0.8404062571311702,2026-08-22T09:15:57.779830+00:00
917,0.027572551742196083,98.5714316368103,0.8609173142758664,2026-08-22T09:16:22.255325+00:00
918,0.17404846847057343,95.71428894996643,0.8487229428283172,2026-08-22T09:16:47.092756+00:00
919,0.028535110875964165,100.0,0.8685363285621861,2026-08-22T09:17:11.317906+00:00
920,0.07797214388847351,98.5714316368103,0.8469850714131358,2026-08-22T09:17:35.424058+00:00
921,0.06339765340089798,98.5714316368103,0.8455154571752895,2026-08-22T09:17:47.411122+00:00
922,0.037543684244155884,98.5714316368103,1.0047575857502775,2026-08-22T09:18:11.952174+00:00
923,0.06195511296391487,98.5714316368103,0.840350571421108,2026-08-22T09:18:24.113046+00:00
924,0.2980305850505829,91.42857193946838,0.8184950142874317,2026-08-22T09:18:36.353717+00:00
925,0.05877115949988365,98.5714316368103,0.8765416285833842,2026-08-22T09:19:00.895937+00:00
926,0.08314357697963715,97.14285731315613,0.8446335999906296,2026-08-22T09:19:13.025451+00:00
927,0.026749959215521812,100.0,0.8521155428232825,2026-08-22T09:19:25.147505+00:00
928,0.02220934070646763,98.5714316368103,0.8603867571634639,2026-08-22T09:19:49.822618+00:00
929,0.060264840722084045,98.5714316368103,0.8291870285964771,2026-08-22T09:20:01.809541+00:00
930,0.038586076349020004,100.0,0.8388021856912279,2026-08-22T09:20:13.773726+00:00
931,0.03758542239665985,97.14285731315613,0.8657338142906416,2026-08-22T09:20:37.801117+00:00
932,0.05189899727702141,97.14285731315613,0.8567250142472662,2026-08-22T09:20:49.926821+00:00
933,0.1171620786190033,97.14285731315613,0.850858328599965,2026-08-22T09:21:02.133331+00:00
934,0.07390154898166656,98.5714316368103,0.8367294428483417,2026-08-22T09:21:14.525858+00:00
935,0.01775369606912136,100.0,0.8348386142772922,2026-08-22T09:21:26.636460+00:00
936,0.020067963749170303,100.0,0.8294022857236477,2026-08-22T09:21:50.841800+00:00
937,0.0406457893550396,98.5714316368103,0.8475452571084524,2026-08-22T09:22:02.833988+00:00
938,0.07850893586874008,97.14285731315613,0.8288430857127034,2026-08-22T09:22:26.815868+00:00
939,0.24307774007320404,85.71428656578064,0.8328340714277667,2026-08-22T09:22:38.865641+00:00
940,0.2002791315317154,94.28571462631226,0.8525326428103394,2026-08-22T09:22:50.912877+00:00
941,0.013922746293246746,100.0,0.8443570285765287,2026-08-22T09:23:02.974308+00:00
942,0.09007658064365387,95.71428894996643,0.8431629714323208,2026-08-22T09:23:27.584081+00:00
943,0.02808854728937149,98.5714316368103,0.9012061713812207,2026-08-22T09:23:52.029828+00:00
944,0.0975581705570221,98.5714316368103,0.933586700037787,2026-08-22T09:24:04.014980+00:00
945,0.08050338923931122,98.5714316368103,0.842134842865302,2026-08-22T09:24:28.393448+00:00
946,0.04087907820940018,98.5714316368103,0.8863584143130407,2026-08-22T09:24:52.984161+00:00
947,0.04856642335653305,98.5714316368103,0.827340299968325,2026-08-22T09:25:16.940806+00:00
948,0.019238676875829697,100.0,0.9150495571312993,2026-08-22T09:25:41.438386+00:00
949,0.011984309181571007,100.0,0.8847044142644985,2026-08-22T09:26:05.962362+00:00
950,0.03836899995803833,98.5714316368103,0.8808578428475552,2026-08-22T09:26:24.628760+00:00
951,0.030320294201374054,98.5714316368103,0.8552796857527158,2026-08-22T09:26:48.624266+00:00
952,0.059861987829208374,98.5714316368103,0.8437564999829711,2026-08-22T09:27:12.887557+00:00
953,0.18546080589294434,91.42857193946838,0.8221660714687979,2026-08-22T09:27:25.003320+00:00
954,0.09761276096105576,98.5714316368103,0.8368901714545375,2026-08-22T09:27:49.024675+00:00
955,0.06710730493068695,98.5714316368103,0.8203743857198528,2026-08-22T09:28:01.051583+00:00
956,0.012523278594017029,100.0,0.8427411571444412,2026-08-22T09:28:13.004555+00:00
957,0.02469075657427311,100.0,0.827281385707985,2026-08-22T09:28:37.320851+00:00
958,0.024287357926368713,100.0,0.8476829285687667,2026-08-22T09:29:02.163677+00:00
959,0.11263952404260635,97.14285731315613,0.8565779856975756,2026-08-22T09:29:14.250742+00:00
960,0.01610684022307396,100.0,0.8098945428563249,2026-08-22T09:29:26.653911+00:00
961,0.07202926278114319,97.14285731315613,0.8927008713986392,2026-08-22T09:29:38.647814+00:00
962,0.03293575718998909,100.0,0.8628057142881776,2026-08-22T09:29:50.654346+00:00
963,0.0522436648607254,97.14285731315613,0.854134785705745,2026-08-22T09:30:14.660841+00:00
964,0.014240823686122894,100.0,0.8416234142974385,2026-08-22T09:30:26.769894+00:00
965,0.07456802576780319,100.0,0.8534747714293189,2026-08-22T09:30:38.879771+00:00
966,0.0599120631814003,98.5714316368103,2.519126714261282,2026-08-22T09:31:03.278684+00:00
967,0.020288411527872086,100.0,0.8550407143047778,2026-08-22T09:31:27.978599+00:00
968,0.03847590088844299,98.5714316368103,0.8474087428891964,2026-08-22T09:31:52.348407+00:00
969,0.10964123159646988,95.71428894996643,0.8390315286045994,2026-08-22T09:32:04.233123+00:00
970,0.015552720054984093,100.0,0.8536970428914564,2026-08-22T09:32:16.177981+00:00
971,0.12880924344062805,94.28571462631226,0.8753507428212158,2026-08-22T09:32:40.467829+00:00
972,0.0075993589125573635,100.0,0.9062670856759983,2026-08-22T09:32:52.972665+00:00
973,0.19202210009098053,91.42857193946838,0.8472393286085987,2026-08-22T09:33:17.291906+00:00
974,0.02085319720208645,100.0,0.836659799980615,2026-08-22T09:33:29.701413+00:00
975,0.05106907710433006,98.5714316368103,0.8481227142640689,2026-08-22T09:33:54.133914+00:00
976,0.033331770449876785,100.0,0.8302857857155946,2026-08-22T09:34:18.395455+00:00
977,0.06083301827311516,98.5714316368103,0.856004928573384,2026-08-22T09:34:42.443308+00:00
978,0.03803650289773941,98.5714316368103,0.8531065714383399,2026-08-22T09:34:54.753815+00:00
979,0.008322779089212418,100.0,0.8441616856933771,2026-08-22T09:35:06.701938+00:00
980,0.03478137403726578,98.5714316368103,0.8343478571207794,2026-08-22T09:35:18.810380+00:00
981,0.05273902043700218,97.14285731315613,0.8466322714022161,2026-08-22T09:35:31.038330+00:00
982,0.07439514994621277,97.14285731315613,0.8391079142581604,2026-08-22T09:35:43.424026+00:00
983,0.010618376545608044,100.0,0.8487456285885335,2026-08-22T09:35:55.770354+00:00
984,0.03521158918738365,98.5714316368103,0.8327664571489939,2026-08-22T09:36:07.779407+00:00
985,0.020714465528726578,100.0,0.8429916143151266,2026-08-22T09:36:20.170961+00:00
986,0.06478951126337051,97.14285731315613,0.8318585285451263,2026-08-22T09:36:32.314037+00:00
987,0.023134427145123482,100.0,0.8482335857219628,2026-08-22T09:36:57.077538+00:00
988,0.021093040704727173,100.0,0.863541700008292,2026-08-22T09:37:08.974768+00:00
989,0.07073384523391724,97.14285731315613,0.8515812571464006,2026-08-22T09:37:33.029563+00:00
990,0.03768450766801834,97.14285731315613,0.8333075428319197,2026-08-22T09:37:45.057363+00:00
991,0.007676653563976288,100.0,0.8572470571380109,2026-08-22T09:37:57.318199+00:00
992,0.04175317659974098,100.0,0.8414521857048385,2026-08-22T09:38:09.311084+00:00
993,0.02710030786693096,100.0,0.8758499571350902,2026-08-22T09:38:21.760454+00:00
994,0.0951654314994812,97.14285731315613,0.8223640285515492,2026-08-22T09:38:33.800987+00:00
995,0.00553319975733757,100.0,0.8521437857000689,2026-08-22T09:38:57.967630+00:00
996,0.2219802439212799,91.42857193946838,0.831156914292868,2026-08-22T09:39:10.034758+00:00
997,0.06838097423315048,98.5714316368103,0.9097589857057237,2026-08-22T09:39:22.072746+00:00
998,0.2596704065799713,89.99999761581421,0.832326385716442,2026-08-22T09:39:34.059094+00:00
999,0.025697411969304085,98.5714316368103,0.8455744143118084,2026-08-22T09:39:46.299444+00:00
